SiteFlanking,Quantification
EYPDMPRSLPSHMEE,-0.3219
PSRHRNSSSESAIVP,0.263
SGLTRTPSSEEISPT,-0.152
EKAEMKRSTELVLSP,-0.3219
LLTSFPKSVEHVSPD,0.1375
PKSVEHVSPDTADAE,0
SKPARRLSESLHVVD,2.7655
PARRLSESLHVVDEN,2.8074
KDKDVTLSPVKAGPA,0.18925
GLEGNANSPAHLRGP,-0.3219
PERKRQKSVSDPVED,2.80365
EDKKEQESDEEEEEE,0.18925
VGARPRASPPPQGPL,0
DGIPNDSSDSEMEDK,0.06875
AERVLMKSPSPALHP,-0.3219
HFVRRKKSEPDDELL,1.3219
AEQGGDLSPAANRSQ,0.06875
ASQSRPNSSALETLG,0.7655
YERGGDVSPSPYSSS,0.585
SEESRPYTNKVITLW,0
VFTEQPPSPLPKSKG,0.20025
RGGLRPGSLDAEIDL,0.63155
VGPPRKKSPNELVDD,-0.152
AVERVTKSPGETSKP,-0.00724999999999999
PEGRKRYSDIFRSLD,0
FIQELSGSSPKRRRA,0
IQELSGSSPKRRRAE,0.32075
DKDEGIGSPDIWEDE,0.263
GVGVPGGSPGSRHRQ,-0.5146
VPGGSPGSRHRQKAV,-0.737
WLRDPSASPGDAGEQ,-0.152
DGPGLERSPGEPGGA,0.258
EVEMEVESDEEDDKQ,0.263
VQDMDEGSDDEEEGQ,-1.3219
RSIREKQSDDEVYAP,0.5352
HDHTGFLTEYVATRW,4.4463
HTGFLTEYVATRWYR,4.4195
EADGPKASPEARPQI,-0.3219
APRAPSASPLALHAS,-0.076
AGAGEPQSPDELLPK,0.1315
THDTKDQSPSRAPGL,0.1375
DTKDQSPSRAPGLRQ,0.263
RRPAERSSPGQTPEE,0
ADEIANSSGKGALAL,-0.23695
RKGAGDGSDEEVDGK,0.06875
DEPSSEESDLEIDKE,-0.152
YSKESLGSEEESGKD,-0.3685
MSRKRKASVHSSGRG,4.4482
__SLKEEDESDDDNM,0
RRESRQESDPEDDDV,0
KEIAIVHSDAEKEQE,0.32075
LKQNLSRSWHDVQVS,0.63155
RGDQPAASGDSDDDE,-0.16095
QPAASGDSDDDEPPP,0.06875
EGEEPTVYSDEEEPK,0.5283
GEEPTVYSDEEEPKD,0.1375
ETDQQPHSPDSSSSV,0.6781
RYVTKPNSDDEDDGD,-0.152
RGLRRSDSVSASERA,2.433
VRGSEEDSPKKESKK,0.1375
EDDLNKESEEEVGPT,0
KDLDEEGSEKELHEN,0.3785
KVLDEEGSEREFDED,0.4854
EREFDEDSDEKEEEE,0
EKVFDDESDEKEDEE,0.1375
DEKLFEESDDKEDED,0.1375
KLFEDDDSNEKLFDE,0.263
LFDEEEDSSEKLFDD,0.3785
FDEEEDSSEKLFDDS,0.263
SEKLFDDSDERGTLG,0
DGEEDGSSDQSQASG,-0.737
RALLSLRSPKARRGK,0.4854
QEEQGEGSEDEWEQV,-0.152
RLGAGGGSPEKSPSA,-0.076
GEKKNKKSPLAMSHA,0.263
DELFYTLSPINGKIS,0.20025
RQAQAQESEEEEESR,0.2925
ENDNDNESDHDEADS,0.1375
______TEDGMQESP,0.20025
NKTGRNASIHTLLDA,-0.152
LEGLGNDSRDMYMES,0.585
RLRGRKISPPSYARR,0.08175
______QEDDGEKSD,0.4854
RSQIRSRTPSASNDD,2.1094
QIRSRTPSASNDDQQ,2.2472
_RSRTPSASNDDQQE,2.1375
PLTPRRVSSDLQHAT,2.9449
KKKKRKHSEEAEFTP,1.17525
DPKKEKKSLDSDESE,-0.5146
KEKKSLDSDESEDEE,-0.3219
KSLDSDESEDEEDDY,-0.41825
RSHQRSASWGSADQL,0.1375
PLPKYASSPKPNNSY,0.1375
PSGTNVGSSGRSPSK,0.263
SGTNVGSSGRSPSKA,-0.0922
NVGSSGRSPSKAVAA,0.263
GSSGRSPSKAVAARA,0.263
EISLKNLSSDEATNP,-0.2573
KGADNDGSGSESGYT,-0.3685
ADNDGSGSESGYTTP,-0.5146
NDGSGSESGYTTPKK,0
AYELEKRTSPQVLGS,0.11325
YELEKRTSPQVLGSI,-0.076
ESQNPLASPTNTLLG,0.585
RGLERNDSWGSFDLR,0.06875
SIADFLNSDEEEDRV,-0.152
MLQQDSNDDTEDV__,-0.5146
PVSPVKFSPGDFWGR,0.6781
GGKRKADSDSEDKGE,0.585
KRKADSDSEDKGEES,0.263
EDVEVAESPLRVLAE,0
KASISVHSPQKSTKN,-1
LGGLRPESPESLTSV,-0.076
EETREPGSPPSVQRA,0
REPGSPPSVQRAGLG,-0.152
VQRAGLGSPERPPKT,-0.2573
QPEPGAASPQRQQDL,-0.23695
QQDLHLESPQRQPEY,-0.076
QPEYSPESPRCQPKP,-0.16095
GAKKRKGSSSQAPAS,4.1198
AKKRKGSSSQAPASK,4.2854
HPHGVKRSASPDDDL,0
HGVKRSASPDDDLGS,0.1375
SESEKEESAEELQAA,-0.076
HQQPQSSSPVYGSSA,0.3785
TQQQTRISASSATRE,0.848
WPRDGGRSSPGGQDE,0.263
PRDGGRSSPGGQDEG,-0.152
LDRKRSASAPTLAET,0.585
MSSSGLGSPNRSSPS,-0.3219
IFQERDPSKIKWGDA,-0.152
KMNGRKQSLGELIGT,0.1375
SKLPLTRSHNNFVAI,1.263
SGSRGRDSPYQSRGS,-0.152
SPYQSRGSPHYFSPF,0
__RGSPHYFSPFRPY,0
EKLEDAESSNPNLQS,-0.152
TDDEMTGYVATRWYR,2.1043
KKRSEDESETEDEEE,-0.152
RSEDESETEDEEEKS,-0.152
SYDPYDFSDTEEEMP,0.1375
STVRRRYSDFEWLRS,0.1375
LDLSDVHSPPKSPEG,-0.737
PRMPQDGSDDEDEEW,-0.076
PKGTRDLSPQHMVVR,-0.3219
MSSPPEGKLE_____,1.0704
KDDQEWESPSPPKPT,0
DQEWESPSPPKPTVF,0.263
SPSPPKPTVFISGVI,0.258
ADKVENKSNEDVNSS,0.4854
NGDLVLSSPSNVTLP,0.848
PDMGEIASFDKAKLK,0.263
MSEGESQTV______,0.263
PPSVKTPTPEPAEVE,0.585
GTLRRSDSQQAVKSP,0.926
LNKNVFTSAEELERA,-0.3219
RRVESEESGDEEGKK,-0.3219
VADLSEQSLKDGEER,0
______VDANASESP,0.263
KAKPGLRSQLDDHPE,-0.152
QLDDHPESDDEENFI,-0.152
LYSFFPKSPALSDAN,0.43195
HVQFFDDSPTRGWVS,-0.3219
EEDNEIESEEEVQPK,0.1375
MRKETPPPLVPP___,-0.076
YHIHRRKSFDASDTL,0.1375
PNRGITRSISNEGLT,0.585
RGITRSISNEGLTLN,0.263
NIKLNQSSPDNVTDT,0.263
PQAKWLKSPTTPIDP,2.2327
AKWLKSPTTPIDPEK,1.9635
LPRLRRFSPSQVPIQ,0.848
VEKYDGESDKEQFDD,0
FPRSLDDSEEDDDED,0.20025
IAKLNNSSPNSSGGV,-0.00724999999999999
KRKREEGSDIEDEDM,0
EERPRRPSQEQSASA,0.4854
RRPSQEQSASASSGQ,0.3785
SHHSQRSSLSGDEED,0.424
HSQRSSLSGDEEDEL,0
ADEKGNDSDGEGESD,0.06875
DSDGEGESDDPEKKK,0.4854
KPQVEASSPRLNPAV,0.263
AGGKRPGSVSSTDQE,1.2218
SLRKRKASPEPPDSA,-0.00724999999999999
ASARRNSSSPVSPAS,-1.3219
TKPPRPDSPATTPNI,-1
SASNGGGSPARREEK,-0.152
RSARHPSSPSALRSP,-0.737
ETRGHPHSASSPSER,2.6781
GHPHSASSPSERVFP,0.7925
GLRKKNLSPGAVESD,0.263
SQVDRLQSEPESIRK,2.07935
DQISHRASLEDAPVD,0.1375
ARKRHAPSPEPAVQG,0.4854
AGQEEPGTPPSSPLS,0.1375
KDHMVSPTAVAFLER,0.1375
LGTDSDSSPQKSSRD,-1.3219
PQESRSLSPSHLTED,0.263
EPDDEGKSDEEEKPD,0.1375
MEKAPIDTSDVEEKA,0.1375
EKAPIDTSDVEEKAE,-0.152
RSRSQSRSNSPLPVP,0.4854
RSQSRSNSPLPVPPS,0.06875
KEPDEEKSDQQGEAL,-0.5146
QGEALDSSQKKTKNK,0
KKNKKKKSPVPVETL,-0.152
NAKIDGATQSSPAEP,0.1375
KIDGATQSSPAEPKS,-0.152
IDGATQSSPAEPKSE,0
VGAPSSSSPSPSPSA,0.1375
LTLKEERSPQTLAPV,0.20025
NEEENKDSLVDDEEE,-0.00724999999999999
MASGVQVADE_____,0.3785
NPGMKRASSLNVLNV,0.3785
PGMKRASSLNVLNVG,0.585
QHQHGYDSDEEVDSE,0
KNTASQNSILEEGET,0.6781
AGALRRNSLTGEEGQ,-0.00724999999999999
FSLLRGPSWDPFRDW,2.4991
RALSRQLSSGVSEIR,2.1008
_GGPEAAKSDETAAK,-0.152
KKLERNLSFEIKKVP,0.1375
AEKDVDVSEDSPPPL,-1
DVDVSEDSPPPLPER,-0.23695
NHGGSSGSTHRSPRS,0.1375
PIIKNAISLPQLNQA,-0.152
PGLRRSDSLLSFRLD,0.63155
VLPQARASWESLDEE,-0.737
FLQARHGSVSADEAA,0.70025
RGNRTDGSISGDRQP,-0.23695
GLEDENNSPLEDEES,-0.152
NFVFHTLSPVKAEAA,-0.3219
CEGTEINSDDEQESK,0.3785
VPYVVPLSPKLPKTK,0.5352
DPRVDDDSLGEFPVT,-0.5
KRPATADSPKPSAKK,0
TADSPKPSAKKQKKS,0.3785
_____KDEEEDMSLD,-0.41825
AASAASGSPGPGEGS,0.263
HVSGVKRSRSGEGEV,0.848
SGVKRSRSGEGEVSG,0.848
MRKVPRVSLERLDLD,0.926
ERLDLDLTADSQPPV,1.1375
PEGSLHSSPVGPSSS,0
IPLATGDTSPEPELL,0.1375
QSQSLSRSQSMDIDG,1.8074
DLLIPDRSPEPTREQ,0
YEKVELPSEEQVSGS,-1
KKRVRRPSESDKEDE,-0.152
RVRRPSESDKEDELD,-0.152
KKRARRGSSSDEEGG,-0.5146
SHAKSPPSPVEREMV,-0.5146
RFRGRYRSPYSGPKF,0
GGRARSWSPPPEVSR,0.3742
____QPLESTQSQDF,0.11325
NKNGRRTSSTLDSEG,2.0704
STPAPSRTASFSESR,1.3785
PAPSRTASFSESRAD,1.16955
MPQDSVPSPRSLQGK,0.18925
PSTSGKRSSDGSLSH,-0.5146
STSGKRSSDGSLSHE,0.263
GKRSSDGSLSHEEDL,-0.152
AYKVGNESPVQELKQ,-0.152
PPPRKRKSELEFETL,-0.5146
MGPQRPRSNSGRELT,-0.737
SNSGRELTDEEILAS,0
VSNDAAQSDDEEKLQ,-0.152
TKIPLIKSHNDFVAI,1.0704
SCRDLSSSPPGPYGQ,0.263
____PLMKRAFSTEK,1.7057
SLYGKRRSQKEEDEQ,0.6781
EVSEDTKSEEKETEE,-0.737
LAVPAALTPRASPGH,0
VPYVPQVTDEDRLSR,0
DLPEPERSPRPAAGK,0.67525
RDPAQPMSPGEATQS,0.1375
AKEIPSATQSPISKK,-0.152
EIPSATQSPISKKRK,0
QVNGAPGSPTEPAGQ,-0.152
NGAPGSPTEPAGQKQ,-0.3219
KKGVLGKSPLSALAR,0.263
EYIEREESDGEYDEF,0.1375
KEVEDKESEGEEEDE,0
DEDDADLSKYNLDAS,1
SKYNLDASEEEDSNK,0
RKKRRTRSRSPESQV,-0.7573
KRRTRSRSPESQVIG,-0.7573
SEGKGSDSDSEGDNP,-0.16095
EEEEGEKTEDESLVE,-0.152
GEKTEDESLVENNDN,-0.16095
GREDMDISKSAEEPQ,0.36125
EEKSVSGTDVQEECR,-0.5146
AQGATEKSPEDKVQI,0.36125
EGEETEGSEEDDKEN,-0.3219
DDKENDKTEEMPNDS,-1
TEEMPNDSVLENKSL,0.20025
DSVLENKSLQENEEE,0.06875
KRKPEEESPRKDDAK,-0.23695
NNDNIDETEGSEEDD,0.1375
NIDETEGSEEDDKEN,0.1375
NGKNFYESDDDQKEK,0
HQQQLLASPGSSTVD,0.67525
LLASPGSSTVDNKML,0.263
GSPNRAYTHQVVTRW,0.1315
DDYVSKKSKHEEEEW,0.1375
KHEEEEWTDDDLVES,0.4515
EKLERVPSPDHRRRS,0.1375
GIKRRDRSPSRLDTF,0
SGAQTPKSPPEHYVQ,0.263
_SPKRHSGSYLVTSV,0
RALPSLNTGSSSPRG,0.3742
SLNTGSSSPRGVEEP,0.4515
DSQPQETSPELPRRR,0.263
SAAPVEGSPDRKQSR,-0.23695
PEEGCQGSPQRRGPL,0.06875
DALKDDDSGDHDQNE,0.08175
SPSGPVKSPPLSPVG,1.5842
RGSSRQGSPGSVSKQ,1.0505
SRQGSPGSVSKQKPC,0.3785
______PRPDSSGSH,0.6781
SYNRGGLSPANDTGA,0
VKVDGPRSPSYGRSR,0.258
VDGPRSPSYGRSRSR,0.1315
EIKNFKPSPSKNKGM,0.2925
GTASPSPTKTTPSPR,0
SMRSTSGSPRPAGAK,0
SLRRRTHSEGSLLQE,-0.737
FRHDTPDSSPRRVRH,0.4854
RHDTPDSSPRRVRHG,0.6781
PRRVHNNSPDTSRRT,-0.17925
LRRARHDSPDLAPNV,0.1375
ARAKRKYSEVDDSLP,3.3505
ISRVRRKSQVNGEAG,1.7225
RATAKVPSPPDEHQE,0.4854
QRHGRSQSLPNSLDY,-0.152
SKSPRQNSPVTQDGI,1
ADRVVDASEDEHELN,0.263
KVPLKRLSDEHEPEQ,0.2427
NRFLMRKSPPKADEK,0.7655
DHRNVSESPNRKNEK,-0.076
KKADRDQSPFSKIKQ,-0.8685
DRDQSPFSKIKQSSQ,0
NKKFDHESSPGTDED,0.463
MTLQRANSDTDLVTS,0.1375
RDEDMLYSPELAQRG,-0.152
DDSDTDKSDGESDGD,0
TDKSDGESDGDEFVH,-0.66095
KEAFLVLSDEEDISG,0
SRRKRSKSEDMDNVQ,0.7655
HPPNPPVSPGKTVND,0
PEFRIEDSEPHIPLI,0
QPSLSPASPHSQGFE,0.3785
FKDQDMYSDKSDKEN,0.263
NDQEHDESDNEVMGK,-0.5146
TGKTEDDSSPKKIKT,0.18925
EAEIIKDSPDSPEPP,0
IIKDSPDSPEPPNKK,0.06875
ELFHQQGTPRASNRS,0.3785
KTKNKPLSPIKLTPT,0.585
PAKKESVSPEDSEKK,-0.3219
SRTARIASDEEIQGT,3.4463
QRGRSPRSPSGHPHV,0.3785
GRSPRSPSGHPHVRR,0.263
VRRPRSRSRDSGDEN,0.1375
PRSRSRDSGDENEPI,0.1375
KIPRGPPSPPAPVMH,0.1315
PQTACPKSDSELEVK,0.32075
TACPKSDSELEVKPA,0.3785
YAGALRASGEMASAQ,0.30675
AAVPFLASDNEEEED,0.1375
EKMLAAKSADGSAPA,-0.3219
AAKSADGSAPAGEGE,0
QEESLEDSDVDADFK,-0.23695
RVKLDDDSDDDEESK,0.1375
VKNVDLASPEEHQKH,-0.5146
AAAAAGDSDSWDADA,0
AAAGDSDSWDADAFS,0.263
SWDADAFSVEDPVRK,1.433
LKKLQEESDLELAKE,-0.3219
FDRWLDESDAEMELR,0.1375
AALGGRGSPSSHLLG,-0.5146
QAELPNRSPGFGIKK,-0.3219
LKLGASNSPGQPNSV,-0.152
FGGGQAKTSPKPAVV,0.18925
LVANTARSPQFINLK,0.6781
GDRQRFYSDSHHLKR,2.585
DRSRLPKSPPYTAFL,0.06875
PPRRGDDSFGDKYRD,0.3785
QERERSRTGSESSQT,1.8044
RRRESEKSLENETLN,0.9982
NKEEDCHSPTSKPPK,0.4854
EDCHSPTSKPPKPDQ,-0.737
SSNPPARSQSSDTEQ,-0.152
NPPARSQSSDTEQQS,0.3742
PPARSQSSDTEQQSP,0.1375
SSDTEQQSPTSGGGK,-0.076
SVLDILKSPGFASPK,1.5704
TPAQTPRSEDARSSP,-0.5146
PRSEDARSSPSQRRR,-0.5146
EEDGADASEEDLTRA,0.848
STASNKVSPEKHEES,0.585
KAPSRQISLPDLSQE,1.8074
LDTISQKSVDIHDSI,-0.152
PAKLARRSQERDNLG,0.06875
QKREREESEDELEEA,0.263
SNQKPVKSPDNSIKM,-0.152
SLSAMGKSPLSQGDS,0.263
SSKRLSKSNIDISSG,0.1375
RPPKKNRSPADAGRG,0.1375
GSKSQRYSGAYGASV,-0.3219
LSPVLSRSPSGDRPA,0
LAEAALESPRPALVR,0
PRPALVRSASSDTSE,0.6781
ALVRSASSDTSEELN,0.585
ISEEKGDSDDEKPRK,0.585
DERPKTRSQEQEVLE,-2.3219
SVQARRLSQPESAEK,2.263
RLQPERGSPKKCEAE,0.1375
SDASKPSSPRGSLLL,0.263
SPVRQRRSHHAASTT,0.1375
GGVVRDLSMSEEDQM,0.848
PRGSGTASDDEFENL,0
LLERDGGSGNSTIIV,0.1375
DVIAPLITPQKKEWN,0.48175
STSKPQESPKGKRKL,-1.3219
SKPPAQLSPSVPKRP,0.3785
PPAQLSPSVPKRPKL,0.1375
TQAAGPSSPQKPPTP,0.0283
_LRLNQPGTPTRTAV,0.3785
___LNQPGTPTRTAV,0.7655
AGAPGALSPSYDGGL,0.7655
DISRHHNSTAELQKA,0.1375
EGVDGGQSPRAGHDG,0.2427
YSNRKYESDEDSLGS,0.20025
QSRHGARTSDSDQQA,2.0356
LTYRNIGSDFIPRGA,0.263
DISMEIDSPENMMRH,0.32075
GNNFNHISPIPPVPH,0.263
RRRERIESLIGANLH,1.848
KGVEPSPSPIKPGDI,0.06875
WNGVVSESDSPVKRP,0.263
GVVSESDSPVKRPGR,0.32075
KAARVLGSEGEEEDE,0.4854
EEEDEALSPAKGQKP,0.08175
QEVLEEQSEDEDREA,0.3785
GEDGDQPTTPPKPLK,-0.152
EDGDQPTTPPKPLKT,0.258
MEDGEEGSDDEAEWV,0.1375
APADGKLSGSKAKTW,0.32075
YVRPERLSPISHGNT,0.1375
KPPPTYESEEEDKCK,0.4854
KLPPPPGSPLGHSPT,0.926
VYISSPHSSPAHNKL,0.1375
EHFEDMASDEDMKPK,-0.5146
RGKRVALSDDETKET,0.48175
RRPILQLSPPGPRGS,0.20025
DGSVSGSSPRSDISQ,-0.52945
STSKATISDEEIERQ,-0.152
ERPAGPGTPPPDSGP,0.1375
CSGKGDMSDEDDENE,0.1315
ILPQGHESPIFKQFF,-0.5146
ELVVEVKSDKLPEEM,0.06875
VALLSQLYHSPARRF,0.263
LLSQLYHSPARRFGG,0.585
PKLGRRHSMENMELM,0.926
RDEGKKTSASDVTNI,3.6893
EVYELLDSPGKVLLQ,0.263
KRNEDEDSPNKLYTL,-0.16095
RLQQPRLSLQGHPTD,0.4854
DKDEYTFSPGKSKAT,0.6781
KSLHDKKSQDFGNLF,0.585
DDSAKFDSNEEDSAS,0
GAKKRKASGSENEGD,1.0704
IAELDTLSEESYKDS,-0.076
KKRVRRSSFLNAKKL,0.848
SKGKEKDSPFKPKLY,0
VKQEPIESDEEEAEP,0.263
RPLSRAQSSPASATF,0.585
EANDAVNSSTKEEKG,-0.5146
TVTGERQSGDGQEST,0
IRKPRYGSPPQRDPN,0
QTSVRDPSPEADAPV,0.1315
SAETRESTQLSPADL,0.1375
TRESTQLSPADLTEG,0.06875
TDPSKLESPSFTGTG,0.4854
PPRIHRASDPGLPAE,0.9592
RRRDEQLSPEEEEKR,0.926
ISPEERRSPPAPGLQ,-0.076
GTAKDSLSPVLHPSD,0.3785
EEDEEADSDTDDIDH,0
LDRPESQSPKRPPED,-0.5146
NAMFQPSSPTRRPGF,0.1375
ITFTCPRTPSELINK,2.1043
KVDLTLLSPKSENDK,0.263
EEEDELESGDQEDED,0.1375
LLQFALESPAKSPAS,-0.152
DLQDTEISPRQNRRT,-0.00724999999999999
KEVTRKLSEADNRKM,1.9635
ESFTMASSPAQRRRG,-0.076
RGNDPLTSSPGRSSR,0.1315
GNDPLTSSPGRSSRR,0.1375
SRRTDALTSSPGRDL,-0.52945
RRTDALTSSPGRDLP,-0.152
RTDALTSSPGRDLPP,-0.2573
RRGLLYDSDEEDEER,0.20025
VSSSSSGSDSDSEVD,-1.3219
SSSSGSDSDSEVDKK,-0.737
SQLKEQISDIDDAVR,-0.152
TMFAQVESDDEEAKN,0.20025
LRDSRPLSPILHIVK,0.3785
AFNEDEDSEPEEMPP,0.06875
LTFDSSFSPNTGKKN,0
DSSFSPNTGKKNAKI,-0.152
HSKEHQRSKSPRDPD,-0.3219
KEHQRSKSPRDPDAN,0.1375
KVNPHKVSPASSVDS,0.1375
SGRGRQKSPAQSDST,-0.076
KEKDLLPSPAGPVPS,-0.076
RRSARKRSASADNLT,0.1375
RIPNYQLSPTKLPSI,0.4854
KRSVSTRSPHQLLSP,0.20025
PGRQRRDSGVGSGLE,0.263
QQFDDGGSDEEDIWE,0.1375
KVELQHISQKDCQED,0.424
DDDDINSSKVINDLF,0.3785
PRAESGDSLGSEDRD,0.7655
GGRGSRGSAGGHGSR,1
QQKQSRISPIQKPQG,0.1375
PVVSDFDSDEEQDER,0.3785
QGVVRTLSSSAQEDI,2.7225
YPERLVRSRSSDIVS,1
ERLVRSRSSDIVSSV,1.0704
DEALQNISADDLPDS,0.1375
DDLPDSASQAAHPQD,0.263
PIPIMPASPQKGHAV,0.263
ENTRQNGSNDSDRYS,0.7655
SNDSDRYSDNEEGKK,-1.16095
RSHISDQSPLSSKRK,0.263
FSRRLNHSPPQSSSR,-0.737
NHSPPQSSSRYRENR,0
STATRDISLDSELHD,0.263
WLGGGSKSVPNTPLR,0.1375
AALDALNTDDENDEE,0.1375
SVTKLEKSIDDLEEK,0.6781
AAVSKKASPEAASTP,-0.152
KEARLARSSPEQPRP,-0.2573
PHLDGPPSPRSPVIG,-0.73695
DGPPSPRSPVIGSEV,0
MSAADEVDG______,0.32075
RQEQEKRSPLGSVRS,-0.152
PEPEKPVSPPPVEQK,0.1375
SPCGTSKSPNREWEV,0.1375
RESIPAKSPVPGVDP,0.3785
SEPYEPISPPQVPVV,0.263
EQRNDARSPGSISYL,0.3785
_____DSGNKPSSYS,0.263
_______GNKPSSYS,0.1375
DLVDGRHSPPMVRSV,0.1375
KNGEADSSDKEMKHG,-1.3219
GHLPQAGSLERNRVG,0
ATMATSGSARKRLLK,0.32075
GQHVVAGTPGRVFDM,0.1375
RIPYPGRSPQDLAST,-0.5146
RVDDKPSSPGDSSKK,0.4854
_EEPEDAPSPELDGD,0
PTPPTRKTPESFLGP,-1.3219
GRGDRRHSSDINHLV,0.926
EASHQHSSPNEQLKK,0.263
SPPSRDLSPTLIDNS,0.43195
DRGVNTFSPEGRLFQ,0.80675
SRKPSDGSPDTKPSR,0.0555
LQVTKQITQEEDDSD,0.263
RNYGYNPSPVKPEGL,-0.5146
NRIRSTRSVENLPEC,-0.076
GDIRRRLSEQLAHTP,0.58175
QRARVVNTDHGSPEQ,-0.5146
PPKSARRSASASHQA,0.43195
VEDDIDLSDVELDDL,0.11325
NQVIEKASDSEEPEE,0.263
PGEDFPASPQRRNTA,-0.076
VSPTTPTSPTEGEAS,1.136
RQGGLPRSNSGLGGE,1.97105
___DKHTLGDSDNES,0.06875
EPDSRGGSPQMDDIK,-0.076
ERCRRAGSPKPVLRA,0.67525
PPEALDFSDDEKEKE,0.1375
SSSSLLASPGHISVK,0.263
DERMHLPSPTDSNFY,0.572
RMHLPSPTDSNFYRA,0.3785
ISLDNPDYQQDFFPK,2.9964
SCVRRRYSDFEWLKN,0.1375
TQLASDGSPKGSSPE,-0.5146
VCKEKDFSPEALKKA,0
STLSVSASPEKSYSR,1.3785
GPDMKRRSSGREEDD,1.8074
EDEDDDDSDKEKDEE,-0.152
MNPSYDEYADSDEDQ,0.263
SYDEYADSDEDQHDA,0.20025
FKSKEFVSSDESSSG,0.06875
QDQEKHLSQEDNDLN,0.263
RLAVLSSSLTHWKKL,0.4854
RPEAQSLSPYTTSAN,0.48175
KFPSPHPSPAKLKAT,0.258
PSLEPQKSLGDEGLN,1.848
LDRKRHNSISEAKMR,1
NGVAAEVSPAKEENP,-0.02945
GTKSLKESEQESEEE,-0.29975
LKESEQESEEEILAQ,0
LYRRTLDSDEERPRP,0.32075
NPRKYLRSVGDGETV,2.2327
PCPQRRDSFSGVKDS,1.7225
RDSGRGDSVSDSGSD,3.512
RSGLTVPTSPKGRLL,0.58175
SGLTVPTSPKGRLLD,0.48175
RKDSVWGSGGGQQSV,0.4854
RGRKRFVSEGDGGRL,2.95395
SQVKPGDSLPRRGPG,0.3742
IKDQDRKSRLMGLEA,-0.00724999999999999
RGPSTPKSPGASNFS,0.32075
PNEFAKLTVENSPKQ,0.263
AKLTVENSPKQEAGI,0.1375
NVNGRLPSLGNKEPP,2.55425
DDKVAILTDDEEEQK,0.1375
QPIHRIDSPGFKPAS,0.3785
EPRSGTNSPPPPFSD,0.4854
_KGGGPGKSPTRGST,0.31145
EVEDGLGSPKPEEIK,2.1043
ELKSKNLSLESQIKT,0.1375
PQESRSLSPSHLTED,-0.3219
LMELRRDSSESQLAS,1.3785
IVHVRGDSETDLEAL,-0.5146
HVRGDSETDLEALFN,-0.3219
KSHSRQASTDAGTAG,-0.152
QASTDAGTAGALTPQ,-0.152
PQHVRAHSSPASLQL,-0.5146
RAHSSPASLQLGAVS,-0.152
PPDILLDSPERKQKK,-0.152
AMYDIISSPSKDSTK,0.3785
TSLLGGGSPKNNTAA,0.263
KTQKGLFSDEEDSED,0
EGSEFSFSDGEVAEK,-0.152
SYKYSPKTPPRWAED,-0.41825
ETVFTPKTSPENVQD,0
DAYKTEDSDDIHFEP,-0.0922
QEKDSLITPHVSRSS,-0.152
SLITPHVSRSSTPRE,-0.4445
EESSINYTFKTPEKA,-0.3219
NQVLGIGSGSTIVHA,-0.152
KRNSERKTPEGRASP,-0.152
KTPEGRASPAPGSGH,-0.076
RASPAPGSGHPEGPG,-0.152
KNTKKRHSFTSLTMA,-0.3219
VIKDEALSDGDDLRD,0.1315
DAGEDSKSENGENAP,0.1375
LDFNDEFSDLDGVVQ,-0.152
NAKHSEKSPPSTENK,0.48175
TFLERRKSQVAELND,2.16955
AKLSRGDSLKEPTSI,0.263
SRSSSLKSAQGTGFE,0.3785
TYRSSGNSPTPVSRW,1.0704
LSEKKNKSPPADPPR,-0.5146
KKERRRNSINRNFIG,0.1375
GQRDRSSSAPNVHIN,-1.16095
TLGRRDSSDDWEIPD,0.263
RKPSVPDSASPADDS,3.3074
GQKGKKQSFDDNDSE,0.1315
QSFDDNDSEELEDKD,0
KPKVEMYSGSDDDDD,-0.152
KVEMYSGSDDDDDFN,-0.41825
SNKKWDGSEEDEDNS,0.06875
RINSSGESGDESDEF,-0.9445
KPGPNIESGNEDDDA,0
SLLKRQGSFSEDVIS,0.20025
LAELEQNSPKIQKVK,0.18925
GPSPGDGSPPKPKDP,-0.00724999999999999
RKVEEEGSPGDPDHE,0.3785
EDRPEPLSPKESKKR,0.1667
RGQPRQGSPVAAGAP,-0.152
GARKRRLSSTSLASG,0.4854
TSQRDRLSQVLRDLE,-1.3685
EDAPFQHSPLGKAAG,-1.737
TQVQKANSPEKPPEA,0.06875
DDVPLSLSPSKRACA,0.06875
GRMLQAISPKQSPSS,-0.152
VREANNGSSPAGSLA,0
REANNGSSPAGSLAD,0.585
TAKAVDGYVKPQIKQ,5.1293
VTHRPPLSPKSGAEV,0.20025
GPSRHKMSPPPSGFG,0.1375
HKMSPPPSGFGERSS,0.263
___WTKPSSFSDSER,0.31145
VDQGGGGSPRKKVAL,-0.18855
QRVSDQNSPVLPKKS,0.1375
SPLLAGGSPPQPVVP,0.06875
FRDSFSHSPGAVSSL,1.06875
DVGKHPASDSEIEEL,-0.5922
HKKQKMDSDEDEKEG,0.0555
KAAVLSDSEDEEKAS,0.06875
EQDADAGSERGLSGE,-0.3219
DVREKRKSNHLNHVS,0.3785
RVRVRRASISEPSDT,0
RSPRPTGSDLLPGAP,-0.5146
HLDRAKNSPPQAPST,0.1375
ADIGKKHSDPHLLER,0
HKSSLNSSPWSGLMA,0.4854
ENPPVEDSSDEDDKR,-0.4445
NPPVEDSSDEDDKRN,-0.00724999999999999
NMAPSQQSPVRTASV,-0.737
EVKAEEKSPISINVK,0.1375
RRHHNHGSPHLKAKH,-0.3333
MGRRSSDTEEESR__,0.4854
QDPNKNLSPTAVINI,1.9635
LQGSRKGSLSSVTPS,1.5
EWRDRPGSPESPLLD,0.74015
PDEDGDHSDKEDEQP,0.1375
VVKQERLSPEVAPPA,-0.31075
TSNERPGSGQGQGRD,0.1375
SLASSSNSPISQRRP,-0.737
PISQRRPSQNAISFF,0.88275
NRRKRKGSDDDGGDS,0.49275
KLKQRADSRESLKPA,-0.29975
QRADSRESLKPAAKP,-0.4445
KKEVKKETPPKEVKK,-0.076
AERSLMSSPEDLTKD,0.48175
GAGFEESSETGDYEE,-0.3219
CVSASKHSPTEDEES,-0.02945
YIREKRESVASGDDR,2.0352
EKRESVASGDDRAEE,-1.16095
EKGEAEQSEEEADEE,0.06875
STPRDVMSDETNNEE,0
TNNEETESPSQEFVN,0
NEETESPSQEFVNIT,0.263
NASASTISPPSSMEE,0.1315
AVSSEKVSPSKSPSL,0.06875
KSPSLSPSPPSPLEK,0.424
SLSPSPPSPLEKTPL,0.424
KTPLGERSVNFSLTP,0.263
ENERASVSPMDEPVP,0.06875
EPVPDSESPIEKVLS,-0.076
KVLSPLRSPPLIGSE,-0.076
ASGRGAESPFEEKSG,-0.00724999999999999
EKSGKQGSPDQVSPV,-0.4445
ERKLGDVSPTQIDVS,0.06875
FSPKTAKSRTPVQDH,0
PKTAKSRTPVQDHRS,-0.152
SIEFGQESPEQSLAM,-0.152
GQESPEQSLAMDFSR,0
SLEGEKLSPKSDISP,-0.076
GEKLSPKSDISPLTP,-0.737
LSPKSDISPLTPRES,0.1315
SPLTPRESSPLYSPT,-0.5146
RESSPLYSPTFSDST,0.40365
KIERTTKSPSDSGYS,0.06875
ERTTKSPSDSGYSYE,0
TIGKTTKTPEDGDYS,-0.152
IIEKTTRTPEEGGYS,-0.152
DISEKTTSPPEVSGY,-0.152
PAPVQDRSPSPRHPD,-0.0922
PVQDRSPSPRHPDVS,-0.0922
KSKPLAASPKPAGLK,-0.3219
RVRGRNDSGEENVPL,0.263
GSASSTKSTELLLGV,0.3785
SASSTKSTELLLGVK,0
EPRSGTNSPPPPFSD,0.263
HYTGDKASPDQNAST,0.263
MSDVEENNF______,0.06875
SITKRAHTPTPGIYM,-0.3219
QMEKDHNSEDEDEDK,0.3785
AKKLRKESQEHTKDL,2.6781
VPKGPIHSPVELKHV,0.6781
PYNTPQLSPATTPAN,-1
YPERLVRSRSSDIVS,0.926
ERLVRSRSSDIVSSV,1.0704
RLVRSRSSDIVSSVR,1.0704
HSSSSSPSKDSSRGE,-0.152
DEALQNISADDLPDS,0
DDLPDSASQAAHPQD,0.3785
SPERRCRSVELDLNQ,0.66955
AVAGVMITASHNRKE,-0.3219
AGVMITASHNRKEDN,0.1375
PPDDRDASDGEDEKP,-0.5146
LKDGDEKTDEEAEGP,0.263
GVREEQRSPFNDRFP,0
QFGKRPESPSEISPI,-0.076
MPTTQQSPQDEQEK_,0.263
PDYRLYKSEPELTTV,-0.737
VVPPRAKSPTPESST,0
AALEPKESRSPQQSA,-0.152
LEPKESRSPQQSAAL,0.258
RFFDENESPVDPQHG,0
MSFYVRPSPAKRRLS,0.06875
LLGDAPVSPSSQKLK,-0.737
KGTPRNGSPPPGAPS,0
SPGPQARSFTGGLGQ,-1
DASLVHKSPDPFGAV,2.21715
PDSSFSKSPESLPGP,-0.5146
VQEWQETSPTREEPA,-0.3219
VFLVRDSSTSPGDYV,0
FLVRDSSTSPGDYVL,0
QSGGKPGSSPITKHG,0.3785
SGGKPGSSPITKHGL,0.1315
SLSKPNISPSHSRPP,-0.5146
PNISPSHSRPPGGSD,0.3785
ISKHDGGSPSIKAKV,0.4078
PLKTRKTSEDQAAIL,3.9727
SQRDLTHSDSESSLH,-0.18855
PSAPPGGSPHLDSSR,-1.3219
PHLDSSRSHSPSSPD,-0.152
PAPAKNESSPAPPDS,0
APAKNESSPAPPDSD,0.2427
EGNSPQGSNQGVKIT,0.4854
DGAGVRASDLEDEES,0.20025
DRASEPKSQDQDSEV,0.06875
PKSQDQDSEVNELSR,-0.43125
PKKKLGVSVSPSRAR,-0.43125
KKLGVSVSPSRARRR,0.11325
PSDKDRQSPPPAKRP,0
PAKRPNTSPDRGSRD,0.1667
LGAALEPTSQKPGVG,0
HGGDPKLSPHKVQGR,-0.23695
NHTGSPRSPSTTYLH,0.3785
DSDSKADSDGAKPEP,0.06875
ERGSGGSSGDELRED,-0.91825
VERTRKRSEGFSMDR,2.70025
RKRSEGFSMDRKVEK,2.585
EHEEGRDSEEGPRCG,0.20025
PDLDRPGSDRQERER,0.1315
RERARGDSEALDEES,0.76305
LKNEERKSQENLGNP,-0.5146
TTSTQRPSSPETATK,0
TATKQPSSPYEDKDK,0.0555
VNPPSEASPTRDRSP,0.06875
KVSRHASSSPESPKP,-0.076
VSRHASSSPESPKPA,-0.00724999999999999
HASSSPESPKPAPAP,-0.3219
KPAPAPGSHREISSS,0.263
RRMGRSRSPATAKRG,-0.6258
TKRGHSRSRSPQWRR,-0.076
RRSRSNSSPEMKKSR,0.0352
PSRQSHSSSSPHPKV,-0.3219
RQSHSSSSPHPKVKS,0.06875
QRSHSGSSSPSPSRV,-0.152
RSHSGSSSPSPSRVT,-0.3219
PRYSHSGSSSPDTKV,0.3742
RYSHSGSSSPDTKVK,0.94765
YPKVKAQTPPGPSLS,-0.076
SLCAGVKSSTPPGES,0
CAGVKSSTPPGESYF,0
SLQLKGQSQTSPDHR,0
LKGQSQTSPDHRSDT,-0.16095
VRQSHSESPSLQSKS,0.3785
QSHSESPSLQSKSQT,-0.3219
GGRSRSSSPVTELAS,-0.2573
SRSSSPVTELASRSP,-0.152
RQDRGEFSASPMLKS,0.263
DRGEFSASPMLKSGM,0.1315
PMLKSGMSPEQSRFQ,0.263
PRQKDKFSPFPVQDR,0.31145
EHKELSNSPLRENSF,0
LRENSFGSPLEFRNS,0.1315
MKEQSTRSSGHSSSE,-0.23695
GHSSSELSPDAVEKA,0.1315
RRSRSGSSPGLRDGS,-0.076
SRHSLSGSSPGMKDI,-0.076
GMKDIPRTPSRGRSE,-0.00724999999999999
PQTPRPRSRSPSSPE,-0.41825
PRSRSPSSPELNNKC,0.7165
DQKTVARTPLGQRSR,-0.5146
RTPLGQRSRSGSSQE,0.06875
QRSRSGSSQELDVKP,0.20025
LDVKPSASPQERSES,-0.41825
QRSRSGSSPEVDSKS,-0.3333
RAAPRAQSGSDSSPE,0
APRAQSGSDSSPEPK,0.1375
SPEGSSSTESSPEHP,-0.3219
KARLSRRSRSASSSP,-0.3219
TSRKRSRSRTSPAPW,-0.16095
APWKRSRSRASPATH,-0.2573
KRSRSRASPATHRRS,-0.18855
ATHRRSRSRTPLISR,-0.3685
RRSRSRTSPVSRRRS,0.43195
RRSRSRASPVSRRRS,-0.43125
RRSRSRTSPITRRRS,0.4854
RRSRSRTSPVTRRRS,0.32075
AIRRRSRSRTPLLPR,-0.0922
LPRKRSRSRSPLAIR,-0.3685
RNHSGSRTPPVALNS,0.263
SRPSMSPTPLDRCRS,-0.31075
TPLDRCRSPGMLEPL,0.1375
AAAMNLASPRTAVAP,1.60865
NYPSSSRTPQAPASA,1.0704
ANLVGPRSAHATAPV,-0.23695
YERVSGRTSPPLLDR,0.4854
ERVSGRTSPPLLDRA,0.06875
PAQDQPRSPVPSAFS,0.43195
VALKRVPSPTPAPKE,0.06875
LKRVPSPTPAPKEAV,0.4854
QALPKPASPKKPPPG,0.3785
PIDSLRDSRSLSYSP,0.1375
DSLRDSRSLSYSPVE,-0.29975
DSRSLSYSPVERRRP,-0.00724999999999999
PVERRRPSPQPSPRD,0
RRPSPQPSPRDQQSS,-0.00724999999999999
EDEPEERSGDETPGS,0
EERSGDETPGSEVPG,-0.152
EQGDDQDSEKSKPAG,-0.152
EEAYHSRSKSPLPPE,0
AYHSRSKSPLPPEEE,-0.152
PPPPAEESEEEDDDG,0.585
AVPEASASPKQRRSI,-0.737
GRLKRERSMSENAVR,0.3785
LKRERSMSENAVRQN,0.6781
APSVSHVSPRKNPSV,0.263
PPLHSPKSPVWPTFP,2.10395
VPPRDLPSPLPTKRT,0.32075
TLAPSPKSPGDFTSA,1.16095
QPLPRSSSTSDILEP,-0.3219
STMTRRGSSPGSLEI,0.8277
RNQIHVKSPPREGSQ,0.263
KSPPREGSQGELTPA,0.1375
MSGEDEQQE______,-0.152
TKDMDEPSPVPNVEE,-0.076
SEKESEKSDGDPIVD,0
RERERDHSPTPSVFN,0.1375
RDHSPTPSVFNSDEE,0
GDLVKKESPPKPKDP,-0.66095
SPKPPTRSPSPPTQH,0
KPPTRSPSPPTQHTG,0
PSPPTQHTGQPPGQP,-0.152
RAAVGQESPGGLEAG,0.7655
MSKLDEGTPPEPKGT,0.1375
AGRLRSFSMQDLRSI,0.7779
GLPYIDDSPSSSPHL,0
GLQTTPASRATSPLC,-0.3219
DDLNNYDSDDQEKQS,0.1375
QKIDDRDSDEEGASD,-0.6258
GQLVRNDSLPVLRGG,0.926
RVREKRMSNELENYF,1.1375
GLCCRDVTSPINERD,0
LCCRDVTSPINERDV,-0.737
KAVLMIRTPEELDDS,0.20025
TPEELDDSDFETEDF,0.1375
GSLQRSRSDIDVNAA,0.3785
MRVLNTGSDVEEAVA,0.263
MASPPESDGF_____,0.32075
EFRPRSKSQSSSNCS,1.8875
HSAGTSPTITHQKTP,-2.3219
QGCRRRHSSETFSST,0.263
KGKHSLDSDEEEDDD,0
RKGPGQPSSPQRLDR,0.263
KGPGQPSSPQRLDRL,0.1375
EGPVGGESDSEEMFE,0.263
MLETLSQSPQGRVMT,0.263
YQPMPASSPVICAGG,0.3785
QATSSRRSYPGHVQP,0.3785
KKKPRKRSDSSGGYN,2.585
GSPRDLQSPDFTTGF,0
RDLIRLESIDNHSST,1.8645
HALERRSSLPLDHGS,1.0704
EPAASSLSPDHKNME,0
AERTNGHSPSQPRDA,0.32075
DSLQVPVSPSSTTSS,1.1315
LQVPVSPSSTTSSRC,0.926
SAAKGQKSPGALETP,0.263
QVLQSTQSPRTKNAP,1.7655
RNSPTFKSFEERVET,-1.16095
SAPVEDDSDAETYGE,-0.0922
PGQHPAASPTHPSAI,0.1375
RGGDLKDTQGKSTPA,0.258
TPRRRKASPEPEGEA,0.2427
VAEALGHSPKDPGGG,0.263
PVRAGGASPAASSTA,0.3742
LTQSAPASPTNKGVH,0.263
HIHQAGGSPPASSTS,0.1375
LQPSRKLSPTEPKNY,0
DSAIPVESDTDDEGA,-0.5146
AIPVESDTDDEGAPR,-0.3219
EKSAYQEYDSDSDVP,0
SAYQEYDSDSDVPEE,0.2427
YQEYDSDSDVPEELK,-0.152
APAPAEKTPVKKKAR,-0.076
KPKKAPKSPAKAKAV,0
RAGETRFTDTRKDEQ,-0.076
GETRFTDTRKDEQER,0.263
PRKQPPVSPGTALVG,0.3785
PGTALVGSQKEPSEV,-1.3685
AGGPRPESPVPAGRA,-0.4445
YSCRENYSDSEEEDD,-0.00724999999999999
SDSDYDLSPKSMSRN,0
TDDEMTGYVATRWYR,1.1375
MGRRSSDTEEESR__,0.263
DELLGNLSETELKQL,0
KKRARRSSLLNAKKL,0.848
SEDLDGHSDPEESFA,0.32075
VTTNVQNSQDKSIEK,-0.737
MASGVAVSDG_____,0.20025
MASGVAVSDGVIKVF,0
MKVRKSSTPEEVKKR,0.263
SNQADVKSDEETDDG,0
SLELKWDSDNDEENE,-1.3219
PPKPGPGSPSHPGAL,0
QQASGLSSPGNNDSK,-0.152
NSSTAAKSFEDLTDH,-0.6258
APVQPQQSPAAAPGG,-0.076
KKLMHCRSHEEVNTE,1.848
GRGRRRVSEVEEEKE,2.1043
PKSDDSKSSSPELVT,0.263
SDDSKSSSPELVTHL,0.31145
GTLRSAKSEESLTSL,0.263
SNQPLLKSPAPPLLH,1.49275
LEDSEVRSVASNQSE,-1.3219
DRKRSSLSPGRGKDF,-0.06805
KMLRRSDSPENKYSD,0.263
QQGHEPVSPRSLQRS,-0.3219
ALNRAGDTSDQEGHS,0.6781
SHSQDLGSPERHQPV,0.20025
___SPVLAEDSEGEG,0.06875
HKKRARRSSLLNAKK,0.263
KKRARRSSLLNAKKL,0.585
DKDAQRLSPIPEEVP,0
KKPYRIESDEEEDFE,0.20025
EDGGWEWSDDEFDEE,0.1375
DGQARQPTPPFFGRD,-0.076
DRSPLRRSPPRASYV,0
LRGNVVPSPLPTRRT,-0.00724999999999999
RERDGEQSPNVSLMQ,1.5361
NKGTPSQSPVVGRSQ,-1.3219
PPDTQQPSPSKAFKP,0.263
GGRLRKLSLGQYDND,2.2016
RKLSLGQYDNDAGGQ,2.3505
AVLTSQKSSEYPISQ,0.926
KMKNKPRSPVVELSK,0.62545
SRNRKNRSSAVDPEP,-0.3219
LYKKLRLSTDTVEHS,2.9111
APRPPETSPEMRSSR,-0.152
APRLRKGSDALRPPV,1.22445
GVRLRRPSVNGEPGS,1.0704
SVNGEPGSVPPPRAH,1.263
LQDKLNESDEQHQEN,0.263
EREVDEDSEPEREVR,0.1375
NSPQVDGSPPGLEGL,-0.5146
TGRRRRRSGEQITSS,-0.737
NEEDEGHSNSSPRHS,0.06875
DEGHSNSSPRHSEAA,0
TRRDRLGSYSGPTSV,1.6323
SNALLLRSPNRDFLT,0.1375
SSSSNPSSPGRIKGR,-0.3219
DSSEMDHSENEDYTM,-1.3219
RKRGHTASESDEQQW,1.3785
ENEDEQNSPPKKGKR,-0.152
RAQQRAESPESSAIE,-0.3219
MSDNGELED______,0
TVKQKYLSFTPPEKD,0.1315
KQGMKKRSNSEVEDV,2.1699
GKEKVRRSTSRDRLD,0
DDEKIQNSDDEERAQ,0.1375
DEDKLQNSDDDEKMQ,0.1375
SEEEKANSDDERPVA,-0.8219
LKAKKLTSDEEGEPS,0.32075
KHKKYVISDEEEEDD,0.20025
AGYPLRRSQSLPTTL,0.263
YPLRRSQSLPTTLLS,0.6781
PDSGGNTSPGVTANG,0.263
RERQELGSPEERLQD,0.5
NPRMKRASSLNFLNK,0.3785
PRMKRASSLNFLNKS,0.1375
GPVRLHSSNPNLSTL,0.585
KGDDDEESDEEAVKK,0
PVEGTPASRTQDPSS,0.263
VKRPNEDSDEDEEKG,-0.076
ESTMLEDSVSPKKST,-0.16095
TMLEDSVSPKKSTVL,0.1375
YRRYHSRSRSPQAFR,0.1667
RYHSRSRSPQAFRGQ,0.1667
VTEIVKPSPKRKMEP,0
WDKDDFESEEEDVKS,0.1375
SDVDDDMSGDEKQDN,-0.737
QYTYNNWSPPVQSNE,0.263
LHEDLDESDDDMDEK,-0.4445
TDLQGSASPSKVEGV,-1.737
LSERTNSSDSERSPD,0
ARSSPQHSLSNPLPR,0.263
SKRVRTNSMGSATGP,2.7143
KDTDDIESPKRSIRD,0.1375
KILERSHSTEPNLSS,1.8875
SMSAGSGSPSKTVTP,-0.3219
GVARVHGSPLELKQD,0
QKVVKPKSPEPEATL,0.263
QDRRWKKSFQGDDSD,2.585
SINHQIESPSERRKK,0
GEVREEASDDDMEGD,0.263
KDLFDLNSSEEDDTE,-0.16095
VSKKELNSNHDGADE,0.32075
NHDGADETSEKEQQE,0.1375
HDGADETSEKEQQEA,0.20025
AILNGTGSPTKFKMP,-0.152
PPLEREDSGTFSLGK,0.1375
LEREDSGTFSLGKMI,0.06875
REDSGTFSLGKMITA,0.1375
SAKKVVVSPTKKVAV,0.20025
KKVVVSPTKKVAVAT,0.06875
PAKKAAVTPGKKAAA,0.585
PGKALVATPGKKGAA,0.263
KNAKKEDSDEEEDDD,-0.23695
DEEEDDDSEEDEEDD,-0.23695
ELQGPRGSPNARSQP,0.1375
FGFVDFNSEEDAKAA,-0.076
ENRVHDRSEEEEEEE,0.1375
RANRDQDSSDDERAL,-0.5146
ASGARNDSPTQIPVS,0
GARNDSPTQIPVSSD,-0.5146
EKSENNSSNSDIVHV,-0.152
SENNSSNSDIVHVEK,0.263
STPRRSDSAISVRSL,-0.2075
DSTVNLQSPLKMTNS,0.1375
KKAEGAATEEEGTPK,-0.152
AATEEEGTPKESEPQ,-0.3219
PAAQETKSDGAPASD,-0.23695
KSDGAPASDSKPGSS,-0.076
ATEAPSSTPKAQGPA,0.258
ISEKSPRSPQLSDFG,0.76305
LKNGSLDSPGKQDTE,0
DSPGKQDTEEDEEED,-0.076
GTRSRSHTSEGTRSR,-0.16095
TRSRSHTSEGTRSRS,-0.152
SEGTRSRSHTSEGAH,-0.5146
QPMNRAPSDSSLGTP,0.263
ALPNGPPSPRSGRDP,0
MCRLDIDSPPITARN,0.1375
LEAVTARSFEEEGEH,0.258
QPMNRAPSDSSLGTP,0.1375
DEIFYTLSPVNGKIT,0.263
QSPQIRASPSPQPSS,-0.52945
PQIRASPSPQPSSQP,-0.3219
SHHPRRNSLDGGGRS,0.7655
KYVDEENSDGETSNH,-0.23695
FRAFVEDSEDEDGAG,0.585
RLVGIISSRDIDFLK,-0.152
KKYRGMGSLDAMDKH,-0.152
VVKPVPITSPAVSKV,-0.16095
VKPVPITSPAVSKVT,-0.00724999999999999
ANNSQEPSPQLASSV,0.3785
GSTGVIKSPSWQRPN,0.263
RPNQGVPSTGRISNS,0.3785
PNQGVPSTGRISNSA,0.848
GDQSASRTSPGRVDL,0
PLVSSSDSPPRPQPA,-0.152
LAALGGNSSPSAKDI,-0.152
AALGGNSSPSAKDIK,-0.152
GVPFRRPSTFGIPRL,0.4854
IATEHIPSPAKKVPR,-0.152
RRVTQHESDNENEIQ,0.926
ATAADQESEDDLSAS,-0.3333
LRPEDDYSPRERRGG,0.3785
AGIGHRNSLESISSI,0.1375
SSIDRELSPEGPGKE,-0.152
PGIPKDNSPLREKFG,0.263
TQEKRRRSFPDIEDE,1.6781
PTLTRSKSHESQLGN,-0.3219
LDHEPAVSPLLPRKE,-0.5146
KHLEHAPSPSDVSNA,0.4854
LLTGSPTSPTVEPEK,1
EDKPEGQSPVKAEWP,0.1375
VTTNVQNSQDKSIEK,0.3785
LAQYADVTDEEDEAD,-0.3219
KKMLGEDSDEEEEMD,-0.5
EDEDFYDSDDDTFLD,0.1375
AVQGPLGSPPKRGPL,0.263
PAAPRSRSLGGAVGS,0.62545
RDRPVGGSPGGPRLV,0.1375
EDPQSPKTPPHFQTH,1.6323
LMELRRDSSESQLAS,1.9635
RKSRRSRSESETSTM,1.0704
IEEILADSEDEEDNE,-0.152
RNRHFTNSVPNPRIS,1.848
SVPNPRISDAELEAE,0.258
RLRRRKDSAQDDQAK,1.3785
NAEAVLQSPGLSGKV,0
NSPLSPPSPRTKSRT,0.3785
EVSLSRDSPLKTLMS,0
KHAYKDDSPRRRSTS,0.263
VVPPRAKSPTPESST,0
EGPGRAESKESVGSR,-0.576
PAPASPGSSNDSSAR,0.1375
HSEHSARSLHSAHSL,0.4854
RSLHSAHSLASRRSS,0.3785
KEREKEISDDEAEEE,0
PKIEDVGSDEEDDSG,0
FPGAEANSPGKAEAE,-0.3219
GKRAHSKSLDYLNLD,0.585
SEDPSPASPPLRSSG,0.2925
SPGKVSGSPEQAVEE,0.263
KDGRRRKSASDSGCD,3.3646
SNVFGRHSGGFLSSP,0.848
DSSKPVSSPDWNKQQ,0.7655
KNKPLEQSVEDLSKG,-0.41825
GEPPAPKSPPKARRP,-1
MDWVLKHTGPNSPDT,0
LKHTGPNSPDTANDG,0.20025
TGPNSPDTANDGFVR,0.263
EKKQRRRSPPPGPDG,0
KRKAQAVSEEEEEEE,0.1375
RTEAGAETRSPGKAE,-0.1258
EAGAETRSPGKAEAE,-0.152
AAASVRQSPGPALAR,-0.00724999999999999
ADTSGGDSPKDESKP,0.1375
FGPLSSRSAPASPTH,0.263
SSRSAPASPTHPGLM,0.263
ECLSREGSPIPHDPE,0.585
PHDPEFGSKLASVPE,0.6781
REDENDASDDEDDDE,0.1375
EHELEPSSPKSKKKS,0.1375
MSDQDHSMDEMTAV_,0.1375
ELDGKPASPTPVIVA,0.06875
DGKPASPTPVIVASH,0.263
AGGSAALSPSKKRKN,0.06875
MSETAPAET______,-0.3219
MAASDTERDGL____,-0.076
MAASDTERDGLAP__,0.263
EQSEVSVSPRASKHH,-0.076
TLTRTNRTSPNNARK,-0.52945
LTRTNRTSPNNARKQ,0.20025
VDGFQSESPEKLDPV,1
EQELLSHSWGRETKN,-0.5146
RSGIETFSPPPPPPK,0.4854
KSHSRQASTDAGTAG,-0.152
QASTDAGTAGALTPQ,-0.152
PQHVRAHSSPASLQL,-0.3219
RAHSSPASLQLGAVS,0
PSSDDMKSDDESSQK,0.3785
KVSSRGRTSSTNEDE,1.0704
SSRGRTSSTNEDEDL,1.263
MRNNMTASMFDLSMK,-0.152
DFIGNNESPRKKFPP,0
LNEKARLSYSDKNLI,0.1375
SLRQEKRSSGFISEL,0
LMTEEPSSPKGAVRS,1
DIPDSPSSPKVALLP,0.7655
SQEVSRRSWGQQAQE,0.4854
RPRVRLGSEIRDSVV,1.0704
NSNSSRKSDNHSPAV,-0.152
PLDCGSASPNKVASS,-0.152
SFPDDATSPLQENRN,0.4854
NLSCRRASDSLSARP,-0.00724999999999999
RKGRGFGSEEGSRAR,1.1375
DFQHLISSPLKKSRI,-0.8685
ERKRRPPSPEPSTKV,0
GLPAEQGSPRVSYRS,0.1375
PLKNQTYSFSPSKSY,0.926
KNQTYSFSPSKSYSR,0.51425
QTYSFSPSKSYSRQS,0.1375
EAQSLSHSPKRVPTT,-0.6258
NPFSPPRTLHSPPLQ,0.3785
QLADRKLSDASDERG,0.7218
GREEKNKSPAAVTEP,0.0555
KERDKEVSDDEAEEK,0
KEKEEKESEDKPEIE,0.31145
PEIEDVGSDEEEEKK,0.06875
EYGEFYKSLTNDWED,-0.152
LEINPDHSIIETLRQ,0.263
VKRDRSVSVDSGEQR,3.99665
RGLGRRPSDLTISIN,1.7225
NPPGPLKSPQVLGSS,1.348
SRLSKRNSTDSRPVS,-0.3219
VPPPLPRSNSLPHSA,1.258
DTDMKRLSMEIEKEK,-0.152
GLQLGAQSPGRGTTL,0.1375
KDGTKRKSLSDSESD,1.0555
GTKRKSLSDSESDDS,0.76305
KRKSLSDSESDDSKS,-0.02945
KSLSDSESDDSKSKK,-0.52945
EGSDSKESPKTKSDE,-0.076
ETESAPGSPRAVTPV,0.5555
LPKGLSASLPDLDSE,-0.23695
KNTFTAWSDEESDYE,0.1375
TAWSDEESDYEIDDR,-0.00724999999999999
EPSTIARSLPTTVPE,-0.5146
LPTTVPESPNYRNTR,0.1375
KRKTRHSSNPPLESH,0.11325
RPEAEPPSPPSGDLR,0.1375
SRTARIASDEEIQGT,3.0356
QRGRSPRSPSGHPHV,0.263
GRSPRSPSGHPHVRR,-0.5146
VRRPRSRSRDSGDEN,-0.3219
PRSRSRDSGDENEPI,-0.152
RTIQRRDSFIGTPYW,-0.3219
IPASKRASSDLSIAS,0.1375
DSAEDTQSNDGKEVV,-0.3219
SKTKDSGSISLQETR,1.1375
HYYGKHGTPQKYDPT,0.263
GGFPRRHSVTLPSSK,1.29005
AGQEEPGTPPSSPLS,-0.5146
GKHQPWQSPERPLSR,0.18925
QSPERPLSRLSPERS,-0.152
KKEETPGTPKKKETK,0.1375
DRREDDRSQHSSGNG,0.848
EDDRSQHSSGNGNDF,0.263
VRSNGHASTDQLSEE,0
QDYRLPDSDDDEDEE,0
YRRVKKMSDDEDDDE,0.1375
EDSKSIKSDVPVYLK,-0.23695
KQKSEEPSVSIPFLQ,0.1375
GDQKGKASPFEEDQN,0.1375
SRGLGPPSPPAPPRG,0.3785
SGSEDSGSPKHQNST,-0.5146
HSGSGCRSPSLGSDL,0.585
GSGCRSPSLGSDLTF,0.7655
VKLSSQISAGEEKWN,2.7831
IPDDQKVSDDDKEKG,0
KKQGEDNSTAQDTEE,-1
NGAAGPHSPDPLLDE,2.6323
NGMAKNGSEADIDEG,0.848
ELKATLPSPDKLPGF,0.263
AENQQNQSSDPEEEK,0.1375
ENQQNQSSDPEEEKG,-0.3219
PWLKKQKSYTLVVAK,-0.152
LKKQKSYTLVVAKDG,0.1375
SLQTQGSSHETLNIV,-0.5146
PAEVTHFSPKSIPDY,0.3785
LNRAGDTSDQEGHSL,0.1375
VGPPRKKSPNELVDD,-0.152
TGKGPPQSPVFEGVY,0.63155
LTSEPMGSPVSSKTE,0.1375
RAENGERSDLEEDNE,-0.23695
KVEAKEESEESDEDM,-0.16095
AKEESEESDEDMGFG,0.18925
YPRRRRSSPSARPPD,-0.6258
RRRRSSPSARPPDVP,-0.3219
AALSRAHSPALGVHS,0.36125
PVPELRDSSKLHDSL,-0.152
RNFDFEGSLSPVIAP,0.36125
FDFEGSLSPVIAPKK,0.3742
HPQGPRGSPTGGAQL,-0.1258
RKRARGISPIVFDRS,0
AANASGSSPDAPAKD,0.4854
QLDHRKPSPAQAAET,0.06875
EEPSVASSPNGKESD,0
MSETAPAAP______,-0.152
GGTPRKASGPPVSEL,0.1375
DGLRRAQSTDSLGTS,-0.152
NGPLPIPSEGSGFTK,-1.3219
LPIPSEGSGFTKLHL,-1.16095
PSEGSGFTKLHLVES,-1
IIEQSWGSPKVTKDG,0
FRSKRSYSLSELSVL,-0.152
LGQRIYQYIQSRFYR,-0.00724999999999999
KKKLDDQSEDEALEL,0.1375
RAKDQNESLDEEMFY,0.263
GGRTRKRSPGGSGGA,0.1375
KRNKGKYSPTVQTRS,-0.737
YERGGDVSPSPYSSS,0.585
SSEESRPYTNKVITL,0
SEESRPYTNKVITLW,0.1375
MASGVTVNDE_____,0.263
SPVRQRRSHHAASTT,0.848
GGVVRDLSMSEEDQM,1
PRGSGTASDDEFENL,0.1375
LLERDGGSGNSTIIV,0.1375
PMDVDQPSPSAQDTQ,-0.3219
SDGLRRLSGNEYVLS,0.4854
RNSPVTKTPPRDLPT,0
TPPRDLPTIPGVTSP,0
LPTIPGVTSPSSDEP,0.848
SQSHLRNSPEDKRAG,-0.5146
LNLNRSRSLSNSNPD,-2.3219
RNASLSQSPRVGFLS,0
VDGFQSESPEKLDPV,0.6781
QPLTVPVSPKFSTRF,0.88275
MEDSMDMDMSP____,0.20025
SPLRPQNYLFGCELK,0.1375
EAMNYEGSPIKVTLA,0
KTPKGPSSVEDIKAK,0.0555
MPKRKSPENTEGK__,0.263
KRKSPENTEGKDGSK,0.1375
TRRSARLSAKPAPPK,0.4854
PSHLNGPSSDPEAAF,0.1375
DVDDGSGSPHSPHQL,0.1375
DGSGSPHSPHQLSSK,0.263
KAVTIANSPSKPSEK,-0.3219
EKEYFDDSTEERFYK,0.0555
KEYFDDSTEERFYKQ,-0.3219
PEPPSGRTESPATAA,0
PPSGRTESPATAAET,-0.152
LEDEKEASENETDME,0
KDDNEDNSNDGTQPS,-0.5146
QEYYKRYSPDELRYL,-0.3219
NVVLHELSGDDDTDQ,0.263
GTLRKNQSSEDILRD,-0.5146
ERIPRPLSPTKLLPF,0.263
IPRPLSPTKLLPFLS,0.263
RERDAEQSGSPRTGM,0.263
RDAEQSGSPRTGMGS,0.263
DMEGGISSPVKKTEM,0.263
KKTEMDKSPFNSPSP,0.263
KSPFNSPSPQDSPRL,-0.152
AASAASGSPGPGEGS,0
HVSGVKRSRSGEGEV,0.585
SGVKRSRSGEGEVSG,0.926
ERLDLDLTADSQPPV,1.1375
AAMRRSFSADNFIGI,0
KRSSRRQSLELQKCE,0.1375
LAEDEGDSEPEAVGQ,0
RTQRHGRSQSLPNSL,0
VKMGRKDSLDLEEEA,-0.5146
DKLPLQESEEEEREE,-0.152
NNDNPLESNDEKEGQ,0.4854
SHFRNVHSEDFENRI,-0.076
IEDGGARSDGSLEDG,-0.3219
ETQSQSLSRSQSMDI,1.3219
QSQSLSRSQSMDIDG,1.585
NESQWKDSPLATRHR,0.3785
ILRHLLNSPTDPFNR,0.263
PTSRDRSSPPPGYIP,-0.152
GQDINLNSPNKGLLS,0
NKGLLSDSMTDVPVD,0.1375
RNSATFKSFEDRVGT,-0.737
GQDINLNSPNKGLLS,0
NKGLLSDSMTDVPVD,0.1375
GLLSDSMTDVPVDTG,0
LKQNLSRSWHDVQVS,0.4854
RNSATFKSFEDRVGT,-0.152
PEFRIEDSEPHIPLI,-0.3219
SREPAPASPAPAGVE,0.6781
PVFDLTTTPKGGTPA,-0.3219
PAGSARGSPTRPNPP,-0.3333
GSARGSPTRPNPPVR,-0.3219
MSDSGEQNY______,-0.152
SLVESVSSSPNKESN,-0.5146
LVESVSSSPNKESNE,-0.152
EPDKRKRSPTESVNT,0.1375
SRGTLSDSEIETNSA,-1.3219
PKPPPAASPGVRAGH,-0.737
VHGLPTTSPSGMNMA,-0.3219
KTQKGLFSDEEDSED,0.263
TSAAAYGTHLSPHVP,-0.152
IEKDSPESPFEVIID,2.1043
YERRRSRSRSFDYNY,-0.3219
RRRSRSRSFDYNYRR,-1.3219
GRPRRSRSHSDNDRF,-0.3219
SKQARANSFVGTAQY,-0.3219
KSPLAAKSPPSLHLL,-0.152
MSDAAVDTS______,0.1375
MSDAAVDTSSEITTK,0.7655
SDAAVDTSSEITTKD,0.3785
LHIRSSMSGLHLVKQ,0.7655
EGLGRKRTSSEDNLY,0.7655
LGRKRTSSEDNLYLA,0.7655
SRPTSEGSDIESTEP,-0.16095
RTGKRKRSSSEDAES,1.7655
GKRKRSSSEDAESLA,1.69825
NRDIEISTEEEKDTG,0.33905
PSDSAVHSPFTKRQA,0.585
TAAPPPPSSPLPSKS,0.3785
AAPPPPSSPLPSKST,0.263
TQTRRYPSSISSSPQ,-0.152
YPSSISSSPQKDLTQ,-0.5146
GDQVLNFSDAEDLID,0.1375
GKRDPEDSDVFEEDT,0
FHAALRNSPVNTKNQ,0.1375
HADDSRISEDETERN,0.3785
VRTAQVPSPPRGKIS,0.263
VGMADANSPPKPLSK,-0.1258
NSPPKPLSKPRTPRR,0.06875
DNIPEMPSPKKMHQG,0.20025
GEKRKRETDDEGEDD,0.06875
KVAAETQSPSLFGST,1.6323
VEAKKEESEESDDDM,-0.152
KKEESEESDDDMGFG,-0.152
ELHGEGSSSGKATGD,0.1375
______YEPPVQESV,-0.00724999999999999
PSEVDMNSPKSKKAK,0.06875
EPSQNDISPKTKSLR,-0.152
VTKNEEPSEEEIDAP,-0.3219
PDNERKASISYFKNQ,1.585
ARRNDDISELEDLSE,0.263
ISELEDLSELEDLKD,0.263
AALGLQDSDDEDAAV,-0.152
TPVASKFSPGAPGGS,0
QNQNQVRSPGAPGPL,0.848
TETQRKPSEDEVLNK,2.406
GRLKRERSMSENAVR,0.7655
LKRERSMSENAVRQN,0.585
RSRSRSYSPAHNRER,0
ASAVSELSPRERSPA,-0.152
ERSPALKSPLQSVVV,0.3785
KKSPVGKSPPSTGST,-0.152
IKEKGSFSDTGLGDG,0.1375
KPFRGSQSPKRYKLR,-0.3219
IHRRIDISPSTFRKH,-0.152
KWAHDKFSGEEGEIE,-0.152
GEIEDDESGTENREE,-0.3219
IEDDESGTENREEKD,-0.5146
KGRERLNSSENGEDR,1.2655
GGGNFGGSPGYGGGR,0.263
EEEGRRGSLSNAGDP,0.20025
EGRRGSLSNAGDPEI,0.3785
KMLRRSDSPENKYSD,-0.3219
QQGHEPVSPRSLQRS,0.263
KEPGEQASVPLSPKK,-0.3219
EQASVPLSPKKGSEA,-0.5146
SSSKDMNSPTDRHPD,0.3785
LEEAELHSTEKVPCI,0.4854
TVSPGSVSPIHGQGQ,0.263
RRRDRRPSVDAPVTD,0.3785
DSDQVAQSDGEESPA,0.1375
RDSENLASPSEYPEN,0.848
TSRCLIKSPDRLADI,0.263
SKYGLQDSDEEEEEH,-0.3219
RRPKHRPSEADEEEL,2.9819
KHRNTETSKSPEKDV,-0.152
RNTETSKSPEKDVPM,-0.152
GHLPQAGSLERNRVG,-0.3219
QDYRLPDSDDDEDEE,0
LSRTNPPTQKPPSPP,-1
PPTQKPPSPPMSGRG,0
ARLGSQHSPGRTASL,0.1315
ETDPGRKSPSRPILD,-0.3219
PNIPKAKSLDGVTND,0.7655
QILNGGESPKQKGQE,0.32075
FLENADDSDEDEEND,0.263
AVDEGSISPRTLSAI,0.0555
KFDSSLLSSDDETKC,0.1315
FDSSLLSSDDETKCK,-0.52945
LLSSDDETKCKPNSA,-0.5146
AKSRSPGSPVGEGTG,-0.152
EEGQNGSSPKSKTKW,0.18925
SFTEVPRSPKHAHSS,-0.737
WQKINNFSADIKDSK,0.263
HFVRRKKSEPDDELL,1.3785
KVRRVPGSSGHLHKT,-0.5146
VRRVPGSSGHLHKTE,-0.076
EDGDWEWSDDEMDEK,-0.076
AKSAGAKSSGGREDL,0.6781
SGLQRRNSSEASSGD,0.926
GLQRRNSSEASSGDF,1.1008
EVLSPEGSPSKSPSK,0
LSPEGSPSKSPSKKK,0.1375
PEGSPSKSPSKKKKK,0.4854
KKKFRTPSFLKKNKK,0.6781
KLLGTRKSFDHLISD,0
SGRTRHGSASQVQKQ,0.3785
QGEAEEDSQGKEGPS,0
CPRVRKNSSTDQGSD,-3.3219
NSSTDQGSDEEGSLQ,-3.3219
PEPEKPVSPPPIESK,0.1375
GDPRANASPQKPLDL,0.20025
GSSPRGKSRSPAPPA,0.1375
SPRGKSRSPAPPADK,0.26305
ELGKPRQSPLTYEDH,-0.737
TPREIAKSPHSTVPE,-0.152
RSGLEPASSPSKGSE,0.263
SGLEPASSPSKGSEP,-0.152
LEPASSPSKGSEPRP,0.1375
NLAPHHASPDPPAPP,-0.152
HSEGGKRSPEPNKTS,0.3742
EDGIEPVSPPEGMTE,0.20025
PSRMGSKSPGNTSQP,0.3785
VTEPQEESEEEVEEP,0.1375
PEDAQKSSSPAPADI,0
EDAQKSSSPAPADIA,0.1375
RKYIEIDSDEEPRGE,0.06875
DSNKENETDEENTEV,-0.5
GSTSAGSSSPGARRE,-1.66095
STSAGSSSPGARRET,0
EKKTRTDSTSDGRPA,1
DESLANLSEDEYYSE,-1
ERKRRPPSPEPSTKV,0
RPPSPEPSTKVSEEA,0.1375
PPSPEPSTKVSEEAE,0
GLPAEQGSPRMAETV,0.1375
QRTSSKESSPIPSPT,-0.18855
TLPTSVVTITSESSP,-0.3219
VTITSESSPGKREKD,-0.152
PEARGRRSPILLPKG,-0.152
RRPKHRPSEADEEEL,2.585
KHRNTETSKSPEKDV,0.3785
RNTETSKSPEKDVPM,0.263
HKELKTDSSPNQARA,0.1375
KELKTDSSPNQARAQ,0.1375
LHGDDQDSEDEVLTI,-0.16095
VKLPAKLSISKSLKE,0.585
DKLRKSFTPDHVVYA,0.424
GDQVLNFSDAEDLID,0.263
GGLHDFRSPPPGMGL,0.963
QQKQSRISPIQKPQG,-0.152
KLDVTILSPSRKVVP,0.263
ADEEIPRSPFKVKVL,0
RVASETHSEGSEYEE,0.26305
VNSEKSSSSERPEPQ,-0.152
IDPTWIESPKTNGHI,0.1375
___QTRALRASESGI,2.6323
RVRGRNDSGEENVPL,0.3785
GSASSTKSTELLLGV,-0.3219
LEDEKEASENETDME,0.263
RELDEEGSDPPLPGR,0
LQGLSKLSPSTSGPH,0.1375
VTAIKSLSIEIGHEV,0.4592
DLSKARGSPPTSSNI,-0.152
SMRSTSGSPRPAGAK,-0.3219
PLVSSSDSPPRPQPA,0
ELEEKSTTPPPAEPV,0
KELEKRASGQAFELI,0.263
QAFELILSPRSKESV,2.406
SVPEFPLSPPKKKDL,0.7655
PPKKKDLSLEEIQKK,0.3785
AAEERRKSHEAEVLK,0.7655
ASGTDRDSPEPLLKA,0.263
QNAARNNSPPTVGAF,0.06875
PAETPVATSPTATDS,0.4854
AETPVATSPTATDST,0.6667
VATSPTATDSTSGDS,0.1375
GREDEPGSPRALRAR,0.1315
HAPSLHGSTELLPLS,0.263
DASQRRRSLEPAENV,-0.152
TYPTVGQTSPRARKS,0.4854
KLLGTRKSFDHLISD,0.263
SRDKRPLSGPDVGTP,-0.152
KEVPRRKSLVGTPYW,0.1375
NWGAVVRSPEGTPQK,-0.152
RLPLVPESPRRMMTR,0.20025
RSQDATFSPGSEQAE,0.11325
GSEQAEKSPGPIVSR,0.91795
PGLEVPSSPLRKAKR,0.263
LKTSRDTSPSSGSAV,-0.3219
HTIIPAKSPEKCRLD,0.3785
ERPAEDGSDEEDPDS,0
MLPLTEGSLRLRADD,0.1375
TEDDFPSSPGNGNKS,0.20025
MSDNDDIEV______,-0.152
RVSIRLPSTSGSEGV,2.4959
PRRKRLKSDERPVHI,2.5607
RERERDHSPTPSVFN,0
DSREDEISPPPPNPV,0.263
___QTRALRASESGI,3.4854
NSNSSRKSDNHSPAV,-0.152
NSPLDCGSASPNKVA,-0.3219
PLDCGSASPNKVASS,-0.3219
NDDIEVESDEEQPRF,-0.5146
QLERVRVSPQDANPL,-0.152
TTGSRKSSTVESEIA,1.3785
HHKISNLSPEEEQGL,0
AQYNRHDSPEDVKRR,0.1375
PQASPSRTRSPDVIS,0
ASPSRTRSPDVISSA,0.32075
SVPGEPASPISQRLP,0.7655
QSLARLGSPDYGNSA,0.585
PGQKPAASPRPRRAA,-0.3219
AANEAGDSSQDEAED,0.1375
DEIFYTLSPVNGKIT,0.263
PPAAKPGSPQAKSLQ,-0.152
PKVPAKLSPMKQAQL,-0.737
IPYRPKPSSSPVIFA,-0.152
PYRPKPSSSPVIFAG,-0.3219
YRPKPSSSPVIFAGG,-0.23695
VKQAPRKSPSDTEGL,0.11325
QAPRKSPSDTEGLVK,0.7655
LDRPESQSPKRPPED,-0.3219
FNAMFQPSSPTRRPG,0.4854
NAMFQPSSPTRRPGF,0.263
YEKVELPSEEQVSGS,-0.5146
KKRVRRPSESDKEDE,-0.152
KKRARRGSSSDEEGG,-0.3219
RARRGSSSDEEGGPK,-0.3219
PARGTLKTSNLPEEL,2.2241
SPHFREKSPVREPVD,0
PGPQRSHSSSEAYEP,0.43195
PRDAHDVSPTSTDTE,0.06875
KIPSLGWSPSKHTKT,-0.8219
SDSDYDLSPKSMSRN,0
PSPDGASSDAEPEPP,0
PEPPSGRTESPATAA,-0.5146
PPSGRTESPATAAET,0.263
GRTESPATAAETASE,-0.152
LNGEASKSQEMVHLV,-0.152
EVLSPEGSPSKSPSK,0.4854
PEGSPSKSPSKKKKK,0.4854
KKKFRTPSFLKKNKK,0.3785
LKETERASPIKMDLA,-0.152
VGLLKDMSPLSETEM,0.263
MALGKDVTPPPETEV,0
DVTPPPETEVVLIKN,-0.152
LTLANNVTPAKDVPP,0.263
TGTGKKCSLPAEEDS,0.6781
______QRIDEFESM,-0.00724999999999999
GKKRLEKSPSFASEW,-0.076
KRLEKSPSFASEWDE,0
KTLKNIISPPWDFRE,0.1375
GDRSHLDSPEAREAM,0.585
HPTDEAYSPPPAPEQ,0.263
SRDRESRSPFLKPDE,0.62545
DPQQLQLSPLKGLSL,-1
ILEDDENSVDISMLK,-0.5146
VEEDAEDSGEADDEE,0.20025
EDKYRRASEELDGLF,2.1375
GYVSARASPGLLPVA,-0.8685
NKVIPAKSPPPPTHS,-0.3219
MLQRSSMSGLHLVKQ,0.7655
RSRLTPVSPESSSTE,0
GGGNFGGSPGYGGGR,0.3785
FSKEKKQSSDYEELI,0.263
EQARDERSDSRAQAV,0
GGPEPELSPITEGSE,0.6781
GDQKGKASPFEEDQN,-0.152
RFRGRYRSPYSGPKF,-0.3219
SPFRKDKSPVREPID,0
REPIDNLTPEERDAR,0
PSAAKPPSPEKTAPV,-0.5146
RMRSRTSSFTEQLDE,1
KLQLRVPSVESLFRS,-0.16095
TKEENPESDGEPVVE,0.1375
SDASKPSSPRGSLLL,0.1375
GGHERPPSPGLRGLL,0.263
PCVQRKLSSGDLRVP,1
KNSITEISDNEDDLL,-0.3219
KEEENADSDDEGELQ,0.263
QESPLKKSPSAGDVH,0.06875
MSGDHLHND______,-0.152
GDHLHNDSQIEADFR,0.32075
IIHPIVRTLDQSPEL,1.99275
IVRTLDQSPELRSTA,2.263
PLLFRKLSNPDIFSS,-0.00724999999999999
LDSPRNFSPNAPAHF,1.3785
DETFGEYSDNEEKAF,0.20025
KALQLSNSPGASSAF,0.1375
TWKFLSHSTDSLNKI,0
SERALTRSLSRPSSL,0.926
KETDPVKSPPLPEHQ,0.5283
RRPAPAVSPGSWKPG,0
RKTAPTLSPEHWKAV,0.1375
ELRKPSGSPDLWKLS,0.06875
QKSSRGGSPDLWKSS,0.43195
LKKDNQESSDAELSS,0.1375
KKDNQESSDAELSSS,0.3785
KTPDGNKSPAPKPSD,1.30205
KSPAPKPSDLRPGDV,1.2323
IKLENEGSDEDIETD,0
EKKIPEPSPVTRRKA,-0.3219
ADLEEQLSDEEKVRI,0
PGIPKDNSPLREKFG,-0.5146
QLSEGRNSPEKAENK,0.1375
EEKPKRGSIGENQGE,0.3785
DEFVNDDTDDDLPIS,0.32075
HPKGEEGSDDDETEN,0.1375
EGSDDDETENGPKPK,0.3785
RRPRRQRSDQDSDSD,0.11325
EPVPEEGSEDELPPQ,0.263
SNPSGPPSPNSPHRS,-0.1258
SVNGGPGSPDLARHY,0.263
TVQLHPQSPTAGKKH,0.263
VEHLRGLSDHVSLDG,0.3785
RGLSDHVSLDGQELG,-0.076
PPELNRQSPNPRRGH,0
GAHKRPASVSSSAAV,1.7655
TARKRKPSPEPEGEV,0.1375
SPPPPTASPHSNRTT,-0.152
TTRRNSNSPPSPSSM,-0.5146
RNSNSPPSPSSMNQR,-0.737
NSPPSPSSMNQRRLG,-0.737
PPELNRQSPNPRRGH,0.1375
TARKRKPSPEPEGEV,0.1375
HSTTRRNSNSPPSPS,-0.737
TTRRNSNSPPSPSSM,-0.5146
RNSNSPPSPSSMNQR,-0.737
GKDVNSSSPVMLAFK,0.1375
QEYYKRYSPDELRYL,-1
YSLLRGGSDDSSKDP,0.7165
LDLSDVHSPPKSPEG,-0.3219
LSQSSDSSPTRNSEP,-0.3333
QSSDSSPTRNSEPAG,-0.152
AKVLNKKTPESKPTI,0.3785
SFFDNSSSPHLLDQL,0.7655
LLKSKDASLVTNEDH,0.63155
SVTEKRLSSGQNKAS,0.572
KVKVAQRSPVDSGTI,0.62545
NRRGSVSSVSPKPPS,-1.737
RGSVSSVSPKPPSSF,-1.3219
PVRMRRNSFTPLSSS,3.3923
IRRPRNYSVGSRPLK,3.1699
SRPLKPLSPLRAQDM,-0.576
NRKVVDYSQFQESDD,0.3785
DYSQFQESDDADEDY,0.263
KRRSGKNSQEDSEDS,-0.3219
GKNSQEDSEDSEDKD,0
SQEDSEDSEDKDVKT,-0.076
VKTKKDDSHSAEDSE,-0.3333
TKKDDSHSAEDSEDE,-0.3333
DSHSAEDSEDEKEDH,-0.076
MLMEDVGSEEEQEEE,-0.152
LMEDDDDSDYGSSKK,-1.41825
LKATVTPSPVKGKGK,-0.076
ASKEKTPSPKEEDEE,-0.16095
EEDEEPESPPEKKTS,0
PPEKKTSTSPPPEKS,0
PEKKTSTSPPPEKSG,-0.076
ETVQTTQSPTPVEKE,0.1375
MASGEHSPGSGAAR_,0.20025
PTASRRNSTIVLRTD,-0.3219
LRIKRQNSSDSISSL,0.7655
SNLRKQKSLTNLSFL,0.263
MSKTLSKSEHSLFQA,0.3785
AVSEDGKSDDELLSS,-0.152
SNLRKQKSLTNLSFL,0.263
MSKTLSKSEHSLFQA,-0.152
LRIKRQNSSDSISSL,0.585
STHNRNNSGDILDIP,-0.5146
HNPLLLLTPQKVKRY,-0.152
HIVSNDSSDSDDESH,0.1375
VSNDSSDSDDESHEP,0
ELRKRRVSQDLEVEK,0.585
NCNSREQSDDETEES,-0.1258
GFAEAIHSPQVAGVP,3.1276
SRSSSVTSIDKESRE,-0.02945
AKMSRKLSLPTDLKP,0.924
SRKLSLPTDLKPDLD,0.7655
STPKLSKSLSFEMQQ,0.3785
PKLSKSLSFEMQQDE,0.32075
ASPARRASAILPGVL,0.1375
EGMDIQKSENEDDSE,0.1375
VHAPRSHSPVKRKPD,0.20025
ESKLDSHSDDDTKDN,0.18925
EPLDPDPSHSPSDKV,0.1375
LDPDPSHSPSDKVGR,0.1667
PDPSHSPSDKVGRAD,0.3785
DLKESSNSVSNHQLS,0.8933
RERDGEQSPNVSLMQ,1.263
PSRKRQASESSSRPH,1.58175
NATDLQNSSMSEEEL,0.1375
ATDLQNSSMSEEELT,0.06875
DLQNSSMSEEELTKA,0.263
ENRVHDRSEEEEEEE,0.1375
RANRDQDSSDDERAL,0.4854
KLDKDNLSYIEHIFE,0.1375
TKLTRIPSAKKYKDI,0.572
KDIIRQPSEEEIIKL,-0.3219
KENPRNFSDNQLQEG,0.9592
PWLKKQKSYTLVVAK,0.4854
FPPLDTHSPTNDVQP,0.848
STFHIPLSPVEVKPG,1.5361
KKGNAEGSSDEEGKL,-0.3219
KGNAEGSSDEEGKLV,0.06875
AGDLLEDSPKRPKEA,0.06875
PMEVEKNSTPSEPGS,0.1375
MEVEKNSTPSEPGSG,0.1375
VEKNSTPSEPGSGRG,0.1375
______PGIRDHESL,-0.23695
NKDLESCSDDDNQGS,-0.152
SGAQASSTPLSPTRI,0.3785
QASSTPLSPTRITRL,0.3785
SSTPLSPTRITRLQE,0
SGAQASSTPLSPTRI,0.3785
QASSTPLSPTRITRL,0.3785
EEERLRLSPSPTSQR,-0.3219
ERLRLSPSPTSQRSR,-0.152
RLSPSPTSQRSRGRA,-0.5146
FVRLRNKSNEDQSMG,0
ELFDDPSYVNVQNLD,2.5361
EEWTRHGSFVNKPTR,0.263
ELFDDPSYVNVQNLD,1.7655
GGARSDGSLEDGDDV,1.0704
SSGRGGGTPDANSLA,0.1315
RALQAPHSPSKTDGK,0.30205
AKDLLHPSPEEEKRK,-0.152
GEAAVASSPSKANGQ,0.43195
VKVNGDASPAAAESG,0.6781
EEPAAAGSGAASPSA,0.4854
AAGSGAASPSAAEKG,0.58175
AAPEAGASPVEKEAP,0.67525
AEDGATPSPSNETPK,0.3785
DGATPSPSNETPKKK,0.424
TPSPSNETPKKKKKR,0.62545
FKKSFKLSGFSFKKN,1.1375
SFKLSGFSFKKNKKE,1.3173
QYSQQQNSPQKHKNK,0.263
EDEDDDDSDKEKDEE,-0.152
DLFNGLDSEEEKDGE,0.263
MSQKQEEEN______,-0.3219
DVEDMELSDVEDDGS,0
SIDNIDGTPVRDERS,-0.737
YRPFGLGSESPYKQP,-0.3219
SASNRRMSGEPIQTV,1.8875
SLPSSGRSSLGSHQL,-0.152
RSSVQGASSREGSPA,-0.7573
SSVQGASSREGSPAR,-0.737
RSSTPLHSPSPIRVH,-0.02945
STPLHSPSPIRVHTV,-0.02945
EERRLGDSSLSRKDS,0.0352
ERRLGDSSLSRKDSR,0.6781
PQRSKFDSDEEEEDT,-0.3219
KIRDRRRSNRNSIER,-1.3219
RRRSNRNSIERERRR,-1.737
KGRKDDDSDDESQSS,-0.076
___VLKSRKSSVTEE,1.2016
TSEGKRMSADMSEIE,0.4854
NGQPRRRSIQDLTVT,0.58175
DKNGGEDTDNEEGEE,0
PRRKRLKSDERPVHI,2.848
KKKKERKSLPEEDVA,0.43195
AEPGDGDSDTTKKKK,-0.52945
KSYLEGSSDNQLKDS,-0.4445
LEQPPNGSDTPNPEK,0.1375
QPPNGSDTPNPEKYQ,-0.3219
IPASKRASSDLSIAS,0.1375
DEDSAEDTQSNDGKE,0
DSAEDTQSNDGKEVV,-0.152
NRNQRKDSEGYSESP,1.7555
QRKDSEGYSESPDLE,1.60865
IRNMRAASPPASASD,-0.152
IRNMRAASPPASASD,0
NYADLSDTELTTLLR,-1.3219
ITHYRPVSASRSSLD,0.848
RAPSRKDSLESDSST,1.3219
APDAGAQSDSELPSY,0.20025
SLDRGYTSDSEVYTD,0.0555
DRGYTSDSEVYTDHG,0.1375
TSDSEVYTDHGRPGK,0.263
KTITLVKSPISVPGG,1.29005
KKREHSPSKEKSRKR,0.32075
DKHDRRRSQSIEQES,0.26305
HDRRRSQSIEQESQE,-0.16095
GRGGDDYSEDEGDSS,-1
GRGGDDYSEDEGDSS,0.263
SKSPRQNSPVTQDGI,1.433
SSQRKRMSPKPELTE,-0.152
MSPKPELTEEQKQEI,0.1375
PAPPRASSLGEIDES,2.19855
TSEAPILTPPREPRI,-0.3219
NNLSRSNSDESNFSE,0.5555
SRRDVYLSPRDDGYS,0.20025
AAAGSGPSPPGSPGH,-1
TKLKRQKSFSEDVIS,-0.02945
EYIEREESDGEYDEF,0.1375
KEVEDKESEGEEEDE,0.1375
DEDDADLSKYNLDAS,1
SKYNLDASEEEDSNK,0
HVAAGLVSPSLKSDT,1.2016
RSPKKPRSPKRKLSR,0.1375
EEEQGYDSEKEKKEE,0.1375
KKPIETGSPKTKECS,0.1375
VKDELTESPKYIQKQ,0.3785
RTDKSSASAPDVDDP,3.0179
IEEILADSEDEEDNE,-0.152
ELTDLDQSNVTEETP,-0.152
DQLFDDESDPFEVLK,0.263
VKDELTESPKYIQKQ,0.7655
FVLHKSKSEEAHAED,0.4854
RTDKSSASAPDVDDP,2.8074
QETKDSGSQEVLSEL,-0.737
AIGGIILTASHNPGG,0.263
GGIILTASHNPGGPN,0.1375
AIGGIILTASHNPGG,0
GGIILTASHNPGGPN,0.3785
FYTGQGRSPGSGSQS,-0.3219
APVSGSRSPDREASG,-0.18855
APEVWGLSPKNPEPD,-0.152
MAEQLSPGKAVDQ__,0.963
KVAASPKSPTAALNE,1.3219
ASLEVSRSPRRSRRE,0.20025
AAEETAVSPRKSPRP,-0.5146
TAVSPRKSPRPAGPQ,0.20025
QDQWKELSHEDLEPP,0.263
KEREKEISDDEAEEE,0
PKIEDVGSDEEDDSG,0
GSDEEDDSGKDKKKK,0.1375
EEAGPKESSEEGKEG,-0.076
EAGPKESSEEGKEGK,-0.23695
RSINKLDSPDPFKLN,0.7655
QPFPGNDSPKEKDPE,0.1375
LTVGRRSSPAQTREQ,0
AYKVGNESPVQELKQ,-0.3219
PPPRKRKSELEFETL,-0.3219
VSNDAAQSDDEEKLQ,-0.152
ITASRSESPPPLSDP,0.4854
KPPPTYESEEEDKCK,0.4854
VIQAAAVSPKFVRLK,0.08175
DAPRERGSSLSGTDD,0.3785
APRERGSSLSGTDDG,0.43195
DVDLDRQSLSSIDKN,-0.66095
ERGQSQLSNPTDDSW,-0.16095
ASKRAPSSPVAKPGP,-0.737
STEDGDGTDDFLTDK,0.1375
DGTDDFLTDKEDEKA,0.263
ILEDINASPEMRQRY,0.1375
MAADSDDGAVSA___,0
WKPTHEDSKILLVDS,0.3785
SIGKLSKSDEQLSSL,-1.737
LDHEPAVSPLLPRKE,-0.3219
GENNNPGSPTVSNFR,1.4854
QVLKHNGSSEILNKL,0.1375
SLGTARGSPEEELPL,0.1375
HHLHRKDSLTQAQEQ,0.585
EKPEPERSPPNRKRP,0.20025
PMLQRTKSRIEQGIV,0.6781
SDRSGSSSPDSEITE,0.263
ERPPVEHSPEKQSPE,0.1375
ERPPVEHSPEKQSPE,0
EPDDEGKSDEEEKPD,-0.152
TDRGTDDSPKDSQED,0.1375
TDDSPKDSQEDLQER,-0.3219
MAPKRQSPLPPQKK_,-0.3219
DRLNEQASEEILKVE,0
DLLASVPSPSSSGSR,-0.3219
KGWLRDPSASPGDAG,0.1375
WLRDPSASPGDAGEQ,0
SAPKPQTSPSPKRAT,-0.076
PKPQTSPSPKRATKK,-0.076
ATKNRVPSAGDVEKA,-0.23695
______PVFSESLSD,-0.2573
LPQPPRESPQLHERE,-0.152
GSPSPAGTPPQPKRP,-0.152
EETPLAGSYGAADSF,0.06875
NETLFLESTNKIYKD,0.3785
ETLFLESTNKIYKDD,0.263
GRLFRPPSPAPAAPG,-0.41825
QQASGLSSPGNNDSK,0.3785
EANANGSSPEPVKAV,0.3785
RKPNAGGSPAPVRRR,-0.737
KRQSLPASPRARLSA,-0.3219
RKPNAGGSPAPVRRR,-2.3219
KRQSLPASPRARLSA,-0.737
RKEEAKESPSAAGPE,0.263
EANANGSSPEPVKAV,0.1375
GDKSLSRTPETLLPF,0.7655
GLEDENNSPLEDEES,0.1375
SRNFVFHTLSPVKAE,0
NSQPNRYTNRVVTLW,0.1375
LEVERRVTQHESDNE,0
RRVTQHESDNENEIQ,0.1375
PESPPPASPDGVTEI,2.0704
AQGLRPESPPPAGPL,0.1375
KAAPEASSPPASPLQ,-0.3219
EASSPPASPLQHLLP,-0.3219
PESPPPASPDGVTEI,1.848
AQGLRPESPPPAGPL,0.1375
KAAPEASSPPASPLQ,0.1375
EASSPPASPLQHLLP,-0.152
YFAKALESPERPFLA,-0.152
GGEKRADSGEEENTK,-0.152
ENIGDGRSPEFRENE,-0.152
RALSGRASPVPAPSS,0
LQLERPVSPETQADL,0.263
VGVPPPASPSYPRAE,1.2016
AEEAAGASPAKANGQ,0.43195
EDAIPEESGDEDEDD,0.263
VASMGADSGDDFASD,0.32075
ETRENGVTDDLDAPK,0.263
GPGAQAPSSPRVTEA,0.7655
GPGAQAPSSPRVTEA,0.6781
PGAQAPSSPRVTEAP,0.926
QPLGQAKSLEDLRAP,-0.152
PRPQGRKTPELGIVP,0.263
TPSTNNGSDDEKTGL,0.263
KEVLDEDTDEEKETL,0.263
HAEHQVRSMDELNHD,0.06875
SEVNSVLSPRSESGG,-0.152
GSGSRRDSLTGSSDL,1.22445
ERIHLGSSPKKGGNC,0.263
QSKSLHLSPQEQSAS,0.3785
ANGGKSLSMVDLQDA,1.2016
SSSSKGDSPELKPRA,-0.3219
QREGRGESENAGTNQ,0.20025
SEWDKRLSTHSPFRT,0.1375
DKRLSTHSPFRTLNI,0.1375
IEKIGEGTYGVVYKG,0.926
EKIGEGTYGVVYKGR,0.848
DDFEPYLSPQARPNN,0.36125
PGAGGRLSPENNQVL,0
KRIAKRRSPPADAIP,0
IGNARSSSPVQVEEE,-0.152
LPPKRPLSSSHEASE,0.3785
STLGRTRSLPITIEM,0.263
RRLTRKLSQRPTVAE,0.4854
IGNARSSSPVQVEEE,0
LPPKRPLSSSHEASE,0.263
GTLLSKPSPPLPPKR,-0.737
STLGRTRSLPITIEM,0.1375
RRLTRKLSQRPTVAE,0.7655
RKLSQRPTVAELLAR,0.6781
VYDITRRSTYNHLSS,0.263
VEVGMPRSPSHSGNA,0.1375
AFEDFSRSLPELDRD,-1.3219
PELDRDKSDSDTEGL,-0.5146
LDRDKSDSDTEGLLF,0
PELDRDKSDSDTEGL,-0.152
LDRDKSDSDTEGLLF,-0.3219
MPCEGKGSPSPEKPD,0.1375
MPCEGKGSPSPEKPD,0.1375
LLDPGRFSKVSSPAP,0
TSRTPKDSPGIPPSA,-1.3219
HQLFRGFSFVATGLM,3.5969
____RRVRKLPSTTL,2.263
_____RVRKLPSTTL,2.3505
TSRTPKDSPGIPPSA,-1.3219
HQLFRGFSFVATGLM,1.6323
DSEEQDKSRDEDNDE,0.4854
DSEEQDKSRDEDNDE,0.3785
SCVRRRYSDFEWLKN,0.1375
ASGVVNSSPRSHSAT,0.263
SLMEKNQSLVEENEK,0.48175
QVSESEDSITKQIES,0
APEKKEKTPELPEPS,0.1375
TPELPEPSVKVKEPS,-0.00724999999999999
IPEPKEPSPEKNSKK,0.06875
PRRRHRPSPPATPPP,-0.16095
PATPPPKTRHSPTPQ,0.3785
PPPKTRHSPTPQQSN,0.20025
PKTRHSPTPQQSNRT,0.3742
HSPTPQQSNRTRKSR,1.424
KGTEKRESPSPAPKP,0.2427
TEKRESPSPAPKPRK,0.7057
KPRKVELSESEEDKG,0.1315
RKVELSESEEDKGGK,0.263
PPRRRTPSPPPRRRS,-0.16095
SPSPRRYSPPIQRRY,0.06875
PPKRRTASPPPPPKR,0.0555
RAPQTSSSPPPVRRG,0.1375
PPVRRGASSSPQRRQ,0.20025
RQSPSPSTRPIRRVS,0.32075
VSSSRSVSGSPEPAA,-0.16095
SSRSVSGSPEPAAKK,0.18925
APEPKKETESEAEDN,0.06875
EPKKETESEAEDNLD,0.3785
EQVLSKKTPPAPSPF,0
KKTPPAPSPFDLPEL,0.3785
PQNFIDETSDIENLL,0.263
KDAPSLRSSPGPAPR,-0.152
SGREKPDSDDDLDIA,-0.152
VKTRKSKSMDLGIAD,-0.5146
VKTRKSKSMDLGIAD,-0.3219
QQQEEQGSVNDVKEE,-0.152
QQQEEQGSVNDVKEE,-0.5146
MSGDEMIFD______,0
DTRKKDASDDLDDLN,-0.152
VKDLKIESDVQEPTE,-0.076
DGEEDGSSDQSQASG,0.1375
RALLSLRSPKARRGK,0.3785
FDYRGRLSPVPVPRA,0.06875
MSRRRHSDENDGGQ_,1.79245
KTSDANETEDHLESL,2.1699
ETEDHLESLICKVGE,2.406
RLSTRPRSLSLQPQL,0.4854
STRPRSLSLQPQLTQ,0.424
ESLVRHASTSSPADK,3.2928
RRHVTLPSSPRSNTP,-0.3219
RHVTLPSSPRSNTPM,0.1375
TLPSSPRSNTPMGDK,0
KFNNDSHSPKVSSQN,0.4854
PPPPLESSPRVKSPS,-0.5146
RRHVTLPSSPRSNTP,-0.3219
RHVTLPSSPRSNTPM,0
TLPSSPRSNTPMGDK,-0.152
VFIDQNLSPGKGVVS,-0.3333
MRLRRNHSNAQFIES,1.8875
QPFQRSISADDDLQE,2.258
SRRPQRKSLYESFVS,1.83905
ERSGAHSSASPPRSR,-0.5146
SGAHSSASPPRSRSR,-0.3685
PEARGRRSPILLPKG,0.1375
AAPQRPISTQRTAAA,3.0531
PLKPYPVSPSDKVLI,0.3785
KPYPVSPSDKVLIQE,-0.152
LSASPRMSGFIYQGK,-0.152
EEFASRKSTAALEED,0.3785
LSASPRMSGFIYQGK,-0.152
EEFASRKSTAALEED,0.3785
MGDHENRSPVKEPVE,0.263
EFRPRSKSQSSGSSA,1.03175
RPRSKSQSSGSSATH,0.848
GRSYRRVSGDAAQDL,0.3785
VPQPSSASLDEYTLM,-0.00724999999999999
PLPPEPKSPGEYINI,-0.152
SRQRSPLSDYMNLDF,0
TTTVTPVSPSFAHNP,-0.737
HNPKRHNSASVENVS,2.9449
PKRHNSASVENVSLR,-0.16095
RVATSRISDAHLADT,0.3785
KDLELALSPIHNSSA,0
NVCEEKNSPVDQSDF,0.1375
NVCEEKNSPVDQSDF,0
VQGAERASPEPQREN,0.1375
VPRERSDSGGSSSEP,0.848
SETRSEGSEYEEIPK,-0.3219
ILDLISESPIKGRAQ,0.1375
RRDYDDMSPRRGPPP,0.3785
SYAGGRGSYGDLGGP,0.3785
ILDLISESPIKGRAQ,0
RRDYDDMSPRRGPPP,0.3785
SYAGGRGSYGDLGGP,0.3785
SKTERSKSYDEGLDD,1.926
ATDDQFESPKKKFKF,0.4854
REEQTDTSDGESVTH,-0.152
RDLVMGSSPQLKRSV,-1
ELESDSGSDKANSPA,-0.16095
GRLLRQASLDGLQQL,0.58175
EQPPVPGTPTLRNRT,0.3785
PPVPGTPTLRNRTFS,-0.3219
SISASKASPPGDLQN,0.1375
LLTPQGPSPRTQHCD,0.7655
SLPKIERSASEPSLH,0.1375
PKIERSASEPSLHRT,0
PRMRRQFSAPNLKAG,0.18925
GWRPRGDSLILEHQW,-0.3219
YRLSRYVTKPNSDDE,-0.5146
RYVTKPNSDDEDDGD,0
NESQWKDSPLATRHR,0.263
ILRHLLNSPTDPFNR,-0.152
QEAREVNSQEEEEEE,0
TRRDLNESPVKSFVS,0.1375
AMKFRRGSGHPAYAE,-0.152
EGAAPSPTHVAELAT,0.1375
SDQLRDNSPPPAFKP,-0.152
NGMAKNGSEADIDEG,0.848
TPRKEDRSASSGAEG,-0.737
KEDRSASSGAEGDVS,0.263
TLELASRSPSGGAAG,-0.23695
NIKPNETSPSFSKAE,0.06875
KAENKGISPVVSEHR,0.1375
QPRRRHASAPSHVQP,1.0704
QPRRRHASAPSHVQP,1.1375
RRHASAPSHVQPSDS,1.7225
STNRSRNSPLLERAS,-0.152
IEKDSPESPFEVIID,1.1375
AGITGTMSQDTEVDM,-0.076
LLPTPPLSPSRRSGL,0.1375
LMVGDEASELRSMLE,1.2779
PHFHFGQTNRTPEFL,0
HFGQTNRTPEFLRKF,-0.152
VQEVTQNSPAARTGV,0.887
LHRKGDRSPEPGQTW,0.7655
RSPEPGQTWTREVFS,0.80675
KIKPRLKSEDGVEGD,2.95765
AKDIDISSPEFKIKI,0.263
KTVIRLPSGSGAASP,2.4696
PSGSGAASPTGSAVD,0.18925
GSGAASPTGSAVDIR,0.263
MKGTKVKTPEMIIQK,0.32075
DVDLSLGSPKLKGDI,0.80675
KTGTCRISMSEVDLN,0.7555
HFRAPKMSLPDVDLD,2.3505
PKADIDVSGPKVDVE,0.3742
PKADLDVSGPKVDID,0.4854
MPFLSISSPKVSMPD,1.3208
GPKVDIDTPDIDIHG,1.34575
PKADLDVSGPKVDID,0.3785
MPDVHFKSPQISMSD,1.348
GPKVDINTPDVDVHG,2.3785
GPKVEAPSLDVHMDS,1.1375
SLDVHMDSPDINIEG,1.0704
DVEFDIKSPKFKAEA,1.7225
KAEAPLPSPKLEGEL,2.2165
NLKGPRISAPNVDFN,-0.076
GPAFNMASPESDFGI,0.848
FNMASPESDFGINLK,0.7655
GKGGVTGSPEASISG,0.20025
PEASISGSKGDLKSS,-2.3219
DLKSSKASLGSLEGE,-0.2573
SSKASLGSLEGEAEA,0.32075
EAEAEASSPKGKFSL,0.3742
SKKPRHRSNSFSDER,0.83
KPRHRSNSFSDEREF,-1.16095
RHRSNSFSDEREFSG,0.97805
GHYEVTGSDDETGKL,0.1375
GSGVSLASKKSRLSS,-0.3333
ASKKSRLSSSSSNDS,0.43195
SKKSRLSSSSSNDSG,2.406
KGGHGAASPSEKGAH,0.3785
GHGAASPSEKGAHPS,0.926
PPPQDYESDDDSYEV,0
LKRDRSFSEHDLAQL,0.1375
RKQKKRQSVSGLHRY,0.263
NKEEGSLSDTEADAV,0
SDVDDDMSGDEKQDN,0.1375
QYTYNNWSPPVQSNE,-0.3219
GGGNRSSSVPHPFQV,0.4854
MAQRHSDSSLEEK__,0.1375
VYDRPGASPKRNHDG,0
NSGEAPSSPTPKRSL,0.06875
GEAPSSPTPKRSLSS,0
LRPRNKRSRSPLELE,0.263
PRNKRSRSPLELEPE,0.263
LRPRNKRSRSPLELE,0
PRNKRSRSPLELEPE,0.1375
ELEDGEISDDDNNSQ,0
QNLTRRISTSDILSE,3.2327
SSRERRRSFLESNYF,2.585
SRHGARTSDSDQQAY,2.2327
MILKKKRSIGASPNP,0.58175
LVALDTDSDDDFDMS,0
LVALDTDSDDDFDMS,-0.152
GVNLTSMSKILKCAG,3.8379
ATKQKVLSPPHIKAD,1.6774
KRRNRNASASFQELE,0
RNRNASASFQELEDK,-0.8685
VKYSRLSSTDDGYID,1.8875
YRNSFSFSDEKLNSP,-0.5146
TAKTPKDSPGIPPSA,-1.16095
SALNRNQSPVLEPVG,0.06875
EKAPIDTSDVEEKAE,0
PIKLRPRSIEVENDF,0.263
PDIFDSPSPEEDKEE,-0.3219
TAGHRANSPSLFGTE,-1
GHRANSPSLFGTEGK,-0.5146
FPENGFLSPDKLSLL,0.258
TYRYHGHSMSDPGVS,0.1375
RYHGHSMSDPGVSYR,0.06875
THRKRKRSGNSDSIE,0.4854
MSEGESQTV______,0
ARRPDPDSDEDEDYE,0.263
EEQDRPRSPTGPSNS,0
NNIPHLLSPKEAKSK,1.3219
NNIPHLLSPKEAKSK,1.3785
SERRKRRSTDSSSVS,1.3785
TAVLEEDSADWEKEL,-0.3219
PPPLDYGSGEDDGKS,-0.152
QGDGPPSSPTNDPTV,-0.3219
RLSSLRASTSKSESS,3.64825
DLRNKRSSLYGIAKV,1.0704
HALERRSSLPLDHGS,1.2016
TRNQIPRTPENLITE,1.3933
GQDAIAQSPEKESKD,-0.076
KKRISSKSPGHMVIL,0
KSPLAAKSPPSLHLL,0.263
HTSRDHSSQSEEEVV,0.1375
SRDHSSQSEEEVVEG,0.5283
TKQSNASSDVEVEEK,0
KTGVTSTSDSEEEGD,0.1375
TKQSNASSDVEVEEK,0.1375
FRRGTGQSDDSDIWD,0.263
GAKRRRLSESSALKQ,1.1508
AAAAGSASPRSWDEA,0.32075
GKQPLLLSEDEEDTK,0
YKQNPEQSADEDAEK,-0.152
WDKDDFESEEEDVKS,0
AVRLRGRSFAGNLNT,-0.00724999999999999
ADTFEDLSDVEGGGS,0
ADTFEDLSDVEGGGS,0
NTRPGANSPEMWSEA,0.263
KFKKLENSPLGEALR,0
SGQARRSSPPGHYYQ,0
RDPAQPMSPGEATQS,-1
EIPSATQSPISKKRK,-0.152
QVNGAPGSPTEPAGQ,-0.152
KKGVLGKSPLSALAR,0.263
NIDLESDSFLKFDSE,0.263
LHSVHPESPNLKTSL,0.62545
KTKNKPLSPIKLTPT,0.263
PAKKESVSPEDSEKK,0.263
EKEFGDGSDENEMEE,0.06875
DEEDGKDSDEAEDAE,0.06875
ENPLDDNSEEEMEDA,0
AIKHEEQSNEDIPIA,0.1375
RSEDMPFSPKASVAA,0.258
SGLQIQKSPEPEVLS,-0.16095
TPFIVPSSPTEQEGR,-0.076
FIVPSSPTEQEGRQD,-0.16095
SEIEPKNSPEDLGLS,-0.076
QDGEVQLSQNDDKTK,-0.06805
LDTKEEKSVEYEGDL,0.31145
GSTAVAESVASPQKT,0
AVAESVASPQKTMSV,-0.00724999999999999
NLLHFPSSQGEEEKE,-0.4445
SPVKDPVSPASQKMV,0
MVIQGPSSPQGEAMV,-0.00724999999999999
SSLHRTSSGTSLSAM,0.263
RGGPGKLSPRKGVSQ,-0.076
EDISPNLSPDDKSFS,0.20025
GALRRSDSPEIPFQA,0
LTKAADISLDNLVEG,0.7427
ITSEEERSPAKRGRK,-0.23695
MKKKKLPSDSGDLEA,1.4854
SITKRPHTPTPGIYM,-0.152
TQTPAVLSPSKTQAT,-0.2573
RRCRKRQSPEPSPVT,-0.076
KADVGRLSPEVKARS,0.4854
ERPAGPGTPPPDSGP,0
ADWARAQSPGAVEEI,-0.2573
VSSKRPPSVGDVFHG,2.6088
EAKRRRKTLDAEVVE,3.65315
PEEPSAPSPTLPAQF,0.585
EPSAPSPTLPAQFKQ,0.4854
AAKQEARSDKSPDLA,-0.152
QEARSDKSPDLAPTP,0
SPKRRRLSSSLNPSK,2.0704
AVLTRSKSPNNEGDV,0.585
AGKDGDKSPMSSLQI,-0.152
SVTQGGHSRTSSPTP,-0.737
APLARASSLEDLVLK,-0.3219
SYRLLEDSEESSEET,-0.5146
QQTEKPESEDEWERT,-0.3219
REEQTDTSDGESVTH,0
ALAKDMESPTKLDVT,0.585
DGEEDEVSAGEKEQD,0.3785
MGDSDDEYDRR____,0.585
RNRRERFSPPRHELS,0.1375
SPPRHELSPPQKRMR,0.1375
GAGTPRHSPTLPEPG,0.4854
KKASFDHSPDSLPLR,0.263
IIEQSWGSPKVTKDG,0
RGVKRSASPDYNRTN,-0.152
STKKRSESPPAELPS,-0.3219
RDDSLDLSPQGRLSD,-0.5146
RDKKKGRSPDELPSA,0.08175
VPEPEPDSDSNQERK,0.48175
EPEPDSDSNQERKDD,0.3785
SKQARANSFVGTAQY,-0.152
KGLGHPPSSPLLKKT,1.2016
SLSPRPASPKAQWPQ,0.5248
DPEFPRASPRALGLT,-0.41825
GLTANARSPQGQLDT,0
LYVSCSKSPNSHDSE,0.263
KSPNSHDSEPWTLLR,-0.3219
WRQKREQSPSQHGKD,0
VHFVEPLSPTGVAGH,0.6781
STSGKRSSDGSLSHE,0
GKRSSDGSLSHEEDL,0
LKTSEVYSDDEEEEE,0.3785
KDGAPRRSLNLEDYK,0.58175
ALPALLDSDEERMIT,0
FHSKPVDSDSDDDPL,-0.152
SKPVDSDSDDDPLEA,-0.152
PTQQYAKSLPVSVPV,0.263
EENGPPSSPDLDRIA,-1
LPRPRLNTSDFQKLK,2.3219
PTQQYAKSLPVSVPV,0.263
EENGPPSSPDLDRIA,-0.3219
LPRPRLNTSDFQKLK,2.263
KGGGGGGSPGPTAGP,0.1375
IKVATLNSEEESDPP,0
KEPDEEKSDQQGEAL,-0.152
KIDGATQSSPAEPKS,-1
IDGATQSSPAEPKSE,0.1375
FRSKRSYSLSELSVL,-0.152
SDAARRRSVSSFPVP,2.18365
______QRLHRFDSQ,1.5361
RRDQMEGSPNSSESF,0.3785
VQKFLSRSVEDVRPH,-0.152
SKKLGPISPPQPPSV,-0.5146
AQKLPDLSPVENKEH,0.1375
GIDIKPGTPPIAGRS,-2.3219
_______PPPSGKFS,0.263
DVREKRKSNHLNHVS,0.4854
CRAAMRRSFSADNFI,-0.3219
AAMRRSFSADNFIGI,0.1375
MGFGDLKSPAGLQVL,0.263
TGSGATDSKDDDDID,-0.152
DDIDLFGSDDEEESE,0
MGFGDLKSPAGLQVL,0
TGSGATDSKDDDDID,0
DDIDLFGSDDEEESE,0
GSPTPAGSLGGGAVA,-0.5146
MSDQEAKPS______,0.263
SDQEAKPSTEDLGDK,0.6781
MSDQEAKPS______,0
DQEAKPSTEDLGDKK,-0.152
AKRKRKNSTGSGHSA,3.6554
KRKNSTGSGHSAQEL,3.8074
IGNNSATSPRVVVTQ,1.3785
EGEPQEESPLKSKSQ,0
FEHDPSESIDEFNKS,-0.152
KNTPSQHSHSIQHSP,0
TPSQHSHSIQHSPER,0
HSHSIQHSPERSGSG,-0.152
GSSRYSPSQNSPIHH,0.1375
RYSPSQNSPIHHIPS,0.1375
GKQKFNDSEGDDTEE,0.1375
TVKKETQSPEQVKSE,-0.152
LKDLFDYSPPLHKNL,-0.152
KSTFREESPLRIKMI,-0.152
IHRRIDISPSTLRKH,-0.152
SLKVDNLTYRTSPDT,-1
VDNLTYRTSPDTLRR,0.263
DNLTYRTSPDTLRRV,-0.152
TYRTSPDTLRRVFEK,0.3785
KSRSRSKSPPKSPEE,-0.3219
SITKRAHTPTPGIYM,-0.152
EGLRKAASLTEDRDR,-0.3219
LRKAASLTEDRDRGR,-0.152
EAALPPVSPLKAALS,0.848
RLPQRNLSLSSSTPP,0.3785
VLQAEADSTSEGLED,-0.152
PESALDTSLDKSFSE,0.3785
LDTSLDKSFSEDAVT,0.263
VLQAEADSTSEGLED,-1
PESALDTSLDKSFSE,-0.152
LDTSLDKSFSEDAVT,0.1375
GTLRSAKSEESLTSL,-0.152
PKVETVKSDNKDDDI,0.263
QNKLKRQSHLLLQSS,-0.3219
APAKGNKSPSPPDGS,0.1375
AKGNKSPSPPDGSPA,0
SPSPPDGSPAATPEI,0.4854
SDEEREPTPVLGSGA,0.263
LREQGTESRSSTPLP,0.3785
GSNDSDRYSDNEEDS,0.7655
SNDSDRYSDNEEDSK,0.263
LIRNKFGSADNIPNL,0.11325
QPSLSPASPHSQGFE,0.4854
DIDNKEQSELDQDLD,0.3785
GGKRKADSDSEDKGE,0.1375
VQPDKPASPKFIVTL,0.4854
SNGLARLSSPVLHRL,0.1375
NGLARLSSPVLHRLR,0.1375
SVPGEPASPISQRLP,0.926
QSLARLGSPDYGNSA,0.4854
EPHQGPGTPESKKAT,0.263
KKARVGGSDEEASGI,-0.5146
SKLMRLLSSNEDDAN,1.848
GGGGLRRSNSAPLIH,1
LIHGLSDTSPVFQAE,1.0704
HGLLLPASPVRMHSS,0.4854
KLSITKKSSPSVKPA,0.1375
QETKDSGSQEVLSEL,-0.737
EEEKKAPTPQEKKRR,-0.00724999999999999
GGSSRGNSRPGTPSA,-0.3219
KALQLSNSPGASSAF,-0.3219
RPPIHRRSFSLEGLT,0.4854
QPKERPRSAVLLVDE,0.263
TWKFLSHSTDSLNKI,0.1375
SERALTRSLSRPSSL,2.433
VEIRSRHSSYPAGTE,1.5361
LNEKARLSYSDKNLI,0.263
EKARLSYSDKNLIDS,-0.3219
KLSRKAISSANLLVR,1.6781
GGKDPLSSPGGPGSR,1
GGGNRRGSPSAAFTF,0.18925
GNRRGSPSAAFTFPD,0.11325
GGLEKDGSFGEGLTM,-0.00724999999999999
ERPAEPLTPPPSYGH,0.263
STVCKPRSPKPAAPA,0.5352
SEDKKRPSLPSSPSP,0.5352
PSLPSSPSPGLPKAS,0.38275
QQGKSLSSPTDNLEL,-0.3219
GKSLSSPTDNLELSL,-0.5146
SKLSRHGSGADSDYE,0.84575
NTPTRRVSPLNLSSV,0.258
SASGRKISENSYSLD,1.9635
NARETPHSPGVEDAP,0.585
KHNGVGGSPPKSKLL,0.263
KHNGVGGSPPKSKLL,0.3785
LKLTFDSSFSPNTGK,0
LTFDSSFSPNTGKKN,-0.152
DSSFSPNTGKKNAKI,-0.5146
RPPKKNRSPADAGRG,0.263
EKVKRSVSPLLSTHV,-0.737
AADESTGSIAKRLQS,0.7655
IEKIGEGTYGVVYKG,0
EKIGEGTYGVVYKGR,0.4854
QNGNLHESDSESVPR,0.263
ISTSESRSPPEGDTT,-0.152
SSASKTASPLEHILQ,0.6781
CADVRRNSVERPAEP,2.2414
KNTASQNSILEEGET,0.263
ADALPEHSPAKTSAV,-0.076
EFDELNPSAQRDACL,-0.3219
DNTFFRESPVGRKDS,0.1375
LKTSRDTSPSSGSAV,0.1375
TPVSLSNSPIKGADC,0.30675
SKKKDELSDYAEKST,0.76305
KKKLDDQSEDEALEL,0.1375
SENHLNNSDKEVDEV,0.1375
RAKDQNESLDEEMFY,0.1375
HYAQLGPSSPEQLAA,-0.3219
YAQLGPSSPEQLAAG,-0.152
GSGGGEESEGEEVDE,0
STDRHSLSLDDIRLY,0.3785
ALAKDMESPTKLDVT,0.4854
LKETERASPIKMDLA,-0.3219
VGLLKDMSPLSETEM,0.3785
MALGKDVTPPPETEV,0
DVTPPPETEVVLIKN,-0.152
LTLANNVTPAKDVPP,0.1375
TGTGKKCSLPAEEDS,0.3785
STGPSSRSPSTLLPK,0.263
KAQAKVGSLDNVGHL,-0.3219
EKDISGPSPSKKLKK,0.06875
DISGPSPSKKLKKSQ,0
TEALGEKSPDSATVS,0.1375
SGYDIMKSKSNPDFL,0.263
YDIMKSKSNPDFLKK,0
SPCGTSKSPNREWEV,0.263
EQRNDARSPGSISYL,0.1375
NDARSPGSISYLPSF,0.4854
GSHSQSRSPGRPTQG,0.1315
HEILCKLSLEGDHST,0.3785
LSLEGDHSTPPSAYG,0.585
SLEGDHSTPPSAYGS,0.4854
LLKHAEATLGSGNLR,0.585
VDDDDINSSKVINDL,0.3785
DDDDINSSKVINDLF,0.4854
DTSRSDESPKPGKFQ,0.3785
PRAESGDSLGSEDRD,1
RSINKLDSPDPFKLN,1.5361
QPFPGNDSPKEKDPE,0.263
KFNNDSHSPKVSSQN,-0.3219
SSQNRTRSFGHFPGP,2.2928
PGGGGRGSRGPGNPL,-0.152
LRGSDALSETSSVSH,0.1375
LEKVERLSSGPEQIT,-0.152
SKTERSKSYDEGLDD,1.263
STNHEQQSPQSGKVI,0.3742
EPSKLKRSYSSPDIT,0
SKLKRSYSSPDITQA,0.06875
PLETEFGSPSELSPR,0.263
MPPLKSPAAFHEQ__,3.76535
MRNGLVNSEVHNEDG,0.9982
PYGKRAPSPGAYKTA,-0.152
EPVPEEGSEDELPPQ,0.1375
TGSGRHPSHSTTPSG,3.4195
ARAKRKYSEVDDSLP,2.4594
ISRVRRKSQVNGEAG,1.1375
IFQERDPSKIKWGDA,0
EPSPKPGTEVIPAAP,0.1375
ELAKHAVSEGTKAVT,0.848
LNNSNLFSPVNRDSE,0.848
RDSENLASPSEYPEN,0.848
TSRCLIKSPDRLADI,0.1375
SKYGLQDSDEEEEEH,-0.152
RELDEEGSDPPLPGR,0
ATPQRSGSVSNYRSC,3.7549
PAAEGEGTPTQPASE,0.263
MPGPREESEEEEDED,0.20025
EEEEKEKSLIVEGKR,0.67525
RSPLEHSSPEKEAPS,0.1781
RVQEKPDSPGGSTQI,0.6667
SLPDAGLSPGSQVDS,2
GAAGGRGSGPGRRRH,0.585
HASLYPASGRSSPVE,-0.737
RRPQRPRSPPLPAVI,0.06875
DSNELSDSAGEEDSA,-0.076
RKRGRSGSAAQAEGL,-0.7573
PIKLRPRSIEVENDF,0.263
LTHTRGDSPKIDLAG,-0.737
PDIFDSPSPEEDKEE,-0.5146
TAGHRANSPSLFGTE,-0.737
EDTQSSKSEEHHLYS,0.1375
KLFIIRGSPQQIDHA,0.18925
EKKQRRRSPPPGPDG,-0.152
VKSLLRRSLSMDSQV,0.848
RSVSEINSDDELSGK,0
HDHTGFLTEYVATRW,3.2327
HTGFLTEYVATRWYR,2.263
TSGGRRGSLEMSSDG,1.1375
PPDTQQPSPSKAFKP,0.1375
GGRLRKLSLGQYDND,2.1699
RKLSLGQYDNDAGGQ,2.5607
GKQPLLLSEDEEDTK,0
YKQNPEQSADEDAEK,-0.152
KRIAKRRSPPADAIP,0
VFLVRDSSTSPGDYV,0
PTLTRSKSHESQLGN,0.585
KRKYQEDSDPERSDY,0.08175
YSQSVIRSNSRLEDQ,1.4854
PGLRRLDSSGERSHR,1.926
STLAGPSSDDENEEE,-1
YVLKRQFSALVPAFD,-0.152
TSHTEPVSPIPKPLP,0.263
SPHFREKSPVREPVD,-0.152
LKNEERKSQENLGNP,-0.5146
VEDEDQDSEEEKDND,0.18925
VEFSDLESEDDERPR,0.1375
GAPAPSLSRCSTPLL,0
PDAPVEKSPEETATQ,-0.152
QDYEMRVSPSDTTPL,0.585
QPIHRIDSPGFKPAS,0.263
DESLANLSEDEYYSE,-0.5146
ERDRERASSPPDRID,-0.3219
RDRERASSPPDRIDI,-0.152
QNLNSRRSPVPAQIA,0
PDHMVSQYQQALEEI,0
QGGSGRGSPSGGSTA,0.4854
GLAGPPASPGKAQPP,0
RALSGRASPVPAPSS,-1.3219
LQLERPVSPETQADL,0.263
VGVPPPASPSYPRAE,-0.3219
TQKESRKSKSPPKVP,0
KESRKSKSPPKVPIV,0
TAGRKSKSPPKVPIV,-0.152
GVWAERDSDDERPSF,0.1375
EEAELEDSDDEEKPV,0
DTDMKRLSMEIEKEK,-0.152
AADEDWDSELEDDLL,-0.43125
QKDIKEESDEEEEDD,0.1315
EVKVKPASPVAQPKE,0.3785
ENIGDGRSPEFRENE,0.1375
HVAAGLVSPSLKSDT,1.2016
EEEQGYDSEKEKKEE,0.1375
KKPIETGSPKTKECS,0.1375
DREGGSKSDSEDITR,-0.152
SATSLSTSPTELGSR,0.263
YSEKLKFSDDEEEEE,0.4854
SPSAEKASPQENGPA,-2.3219
PNIPKAKSLDGVTND,0
YHLPDAESDEDEDFK,0.1375
YHLPDAESDEDEDFK,0
AGHRRILSDVTHSAV,0.263
____SQPRPDSSGSH,0.4854
KPAVTTKSPAVKPAA,0.263
AAPSKPASAKKGKAE,0.6781
EKLKGKGSPRPQAPK,0.1375
NGKAAKNSEEEEEEK,0
______VNSIKFDSE,0.1375
KNSKNSKSPEEHLEE,0.1375
KRSSRRQSLELQKCE,0.263
LAEDEGDSEPEAVGQ,0.1375
RTADGRVSPAGGTLD,-0.5146
RVSPAGGTLDDKPKE,0.1375
HTKLAFPSPFGHLSE,0
VEHGGKRSRLTPVSP,-0.5146
RSRLTPVSPESSSTE,0.1375
SKGVDFESSEDDDDD,-0.00724999999999999
RRVESEESGDEEGKK,1
VADLSEQSLKDGEER,-0.152
KLKDRLPSIVVEPTE,2.84085
LSTSTNRSRNSPLLE,-0.3219
STNRSRNSPLLERAS,0.1375
EEPSVASSPNGKESD,0
EEAELEDSDDEEKPV,0
DGLRRAQSTDSLGTS,0.3785
PRKQRDKSPSSLLED,0
ANGGKSLSMVDLQDA,0.848
SSSSKGDSPELKPRA,-0.3219
SKRKRKRSVQEGENP,-0.152
NQVIEKASDSEEPEE,0.263
QTAGRRPSEGNEPST,2.406
REAVRLHSPQTHWKT,0
TTGSLQRSRSDIDVN,0
GSLQRSRSDIDVNAA,0.1375
RIRTRRQSSGSATNV,1.3219
SSNTSVGSPSNTIGR,0
IEKFSFRSQEDLNEP,-0.152
SRDGGAASPATEGRG,0.1375
AGHRRILSDVTHSAV,0.263
HKSDSPESDAEREKD,-1.73695
DTSGSELSEGELEKR,-1.3219
LQEKGKLSAEENPDD,-0.076
GERWRPHSPDGPRSA,0.3785
RAAGGAPSPPPPVRR,-0.3219
VQFQGKKTKFASDDE,-0.16095
GKKTKFASDDEHDEH,0
GQLVRNDSLPVLRGG,0.7655
EGHLDSESPTNIPLT,-0.152
GERWRPHSPDGPRSA,0.263
SSSARPGTPSDHQSQ,-0.152
MSDAAVDTS______,0.1375
MSDAAVDTSSEITTK,0.1375
SDAAVDTSSEITTKD,0.1375
TSAQHALTSVSRGSS,-0.152
SAQHALTSVSRGSSL,1.13155
QHALTSVSRGSSLKI,0.263
KRGERRNSFSENEKH,-1.02945
HDVLRADSHEGEVAE,2.0704
GHTGGHHSPVKGAKP,-0.152
NKGTPSQSPVVGRSQ,-1
GPTSRDRSSPPPGYI,0.1375
PTSRDRSSPPPGYIP,0.1375
VNQSRSSSPTQYGLT,-1
SALNPHQSPDFKRSP,0
LQEEGGGSDEEETGS,0
GEEVDRRSVHSEHSA,-0.152
VDRRSVHSEHSARSL,-0.3219
HSEHSARSLHSAHSL,0.1375
TQPPLSLSPAPETKR,0.585
RSHHAPMSPGSSGGG,0.3742
KELEKRASGQAFELI,0.1375
QAFELILSPRSKESV,2.4854
SVPEFPLSPPKKKDL,0.7655
PPKKKDLSLEEIQKK,0.585
AAEERRKSHEAEVLK,0.7655
KRMKKELSPAGSISK,0.1375
RRRSNRNSIERERRR,-1.737
HRATAPQTQHVSPMR,-0.5146
APQTQHVSPMRQVEP,-0.152
DDIDLFGSDNEEEDK,0
TIESQSVSPDHNKEP,-0.3219
ARRPDPDSDEDEDYE,0.1375
EEQDRPRSPTGPSNS,0
EQPPVPGTPTLRNRT,0.3785
PPVPGTPTLRNRTFS,0.3785
AGYPLRRSQSLPTTL,0.4854
YPLRRSQSLPTTLLS,0.585
QNGNLHESDSESVPR,0.263
SEKRDKKSPLIESTA,0.3785
SSNTSVGSPSNTIGR,0
IEKFSFRSQEDLNEP,-0.152
RVRVRRASISEPSDT,0.263
HLDRAKNSPPQAPST,0.263
DHGSWSLSPPPERCG,0.1375
PSDSAVHSPFTKRQA,1
AAPPPPSSPLPSKST,0.1375
SSDNQSSSPQPAQQK,-0.3219
TQTRRYPSSISSSPQ,-0.3219
RYPSSISSSPQKDLT,-0.152
YPSSISSSPQKDLTQ,-0.5146
YQQNYQNSESGEKNE,0
QNYQNSESGEKNEGS,0.3785
SGEKNEGSESAPEGQ,-0.076
EKNEGSESAPEGQAQ,-0.152
ERIHLGSSPKKGGNC,0.3785
QSKSLHLSPQEQSAS,0.3785
SVQIKSSSQENLLDE,-0.737
AAGGDHGSPDSYRSP,-0.02945
GDHGSPDSYRSPLAS,0
GSVSEDNSEDEISNL,-0.5146
PNYRLIKSRSESDLS,0.1375
FSRRLNHSPPQSSSR,0
LNHSPPQSSSRYREN,-0.3219
PPGELARSPEAVGPE,0
MEGDGSDPEPPDA__,0.1375
DAGEDSKSENGENAP,0.3785
AEKYAKESLKEEDES,-0.152
__SLKEEDESDDDNM,0
ERGKLPESPKRAEEI,0.4854
ANLLSGKSPRKSAEP,-0.3219
SSVSTKESPARKAAP,0.1375
ASAPAKESPRKGAAP,-0.3219
ILQAKPTSSPAKGPP,0
LQAKPTSSPAKGPPQ,-0.152
ALAPAKESPRKGAAP,-0.152
KATPKLDSSPSVSST,0.1375
QQAAGMLSPKTGGKE,0
ESRKRKLSGDQPAAR,0.263
EGGEASVSPEKTSTT,0
KEKKGKGSLGSQGAK,-0.152
WLDPSQKSPLHVGET,0.58175
RPNKQEESESPVERP,-0.737
NKQEESESPVERPLK,0
SGPALKRSFEVEEVE,-0.5146
ARHVDSLSQRSPKAS,-0.152
VDSLSQRSPKASLRR,-0.3219
HQQPQSSSPVYGSSA,0.3785
NMAPSQQSPVRTASV,-0.3219
TKLVRRLSQRPTTEE,1
RRLSRKLSLRPTVAE,0.6781
MGDSDDEYDRR____,0.3785
RNRRERFSPPRHELS,0.3785
SPPRHELSPPQKRMR,0.263
FAPGGRLSWGKGSSG,-0.737
EAALPPVSPLKAALS,0.6781
AIEIRRQSSSYDDPW,0.1375
PSHSRSSSLDMNRTF,0.1315
YIGPELDSDEDDDEL,0.06875
TDKDQQPSGSEGEDD,-0.3219
KDQQPSGSEGEDDDA,-0.3219
AALLSPGSPKRRRCA,-0.3219
SRDKRPLSGPDVGTP,0.1375
KEVPRRKSLVGTPYW,0
PVLSRRDSPLQGSGQ,0.3785
GNTAPEDSSPAKKTR,-0.152
REDENDASDDEDDDE,0.263
SYYRRTHSDASDDEA,-0.3219
EADEEDVSEEEAESK,0
QNAIRQRSLGPSLAT,0.3785
_RQRSLGPSLATDKS,-0.152
_______PSLATDKS,0.3785
LGINEDHSEGDEKSE,0.1375
PQIRRPRSLSSPTVT,0.3785
IRRPRSLSSPTVTLS,0.263
KYPYSCRSQENILQG,-0.5146
SGREKPDSDDDLDIA,-0.3219
VKSQRPFSPREALRS,-1
DSGDKRWSGNEPTDE,0.263
RRISHEGSPVKPVAI,-1.3219
SDDLLEDSDSEEHSR,0.20025
DLLEDSDSEEHSRSD,-0.3219
RSKLVRLSSDSFARL,-0.152
SSRIRHRSEPQHPKE,0.263
PAATPRQSLGHPPPE,1.8875
TPVASKFSPGAPGGS,0.1375
QNQNQVRSPGAPGPL,0.848
ADTSGGDSPKDESKP,0.1375
FGPLSSRSAPASPTH,0.263
SSRSAPASPTHPGLM,0.1375
ECLSREGSPIPHDPE,0.585
QHLLQAPSPPRTSGA,-0.3219
AGLTPPLSPPKSVPP,-0.152
KLEEKQKSDAEEDGG,-0.23695
DAEEDGGTVSQEEED,-0.3333
EEDGGTVSQEEEDRK,-0.23695
EDEILNRSPRNRKPR,0.1375
SAHYGGPSPEKKAKS,-0.3219
IAELDTLSEESYKDS,-0.152
LSRQALDSEEEEEDV,0.06875
KKKEPAITSQNSPEA,-0.737
KKEPAITSQNSPEAR,-0.3219
PAITSQNSPEAREES,-0.23695
TQQQTRISASSATRE,1.2016
ATGSRSYSPDHRQKK,0.1375
EEKPKRGSIGENQGE,0.3785
RQKERAASPHQVTPQ,-0.152
QPKPKIESPKLERTP,-0.152
KRDLIDNSFNRYTFN,0.1375
DKDEYTFSPGKSKAT,0.585
GAKKRKASGSENEGD,1.3785
CFRKRHKSDNETNLQ,0.4854
FPMARSISTSGPLDK,-1.737
RDAEQSGSPRTGMGS,0.263
DMEGGISSPVKKTEM,0.263
KKTEMDKSPFNSPSP,0.1375
KSPFNSPSPQDSPRL,-0.152
VHRQRNLSGSTLYPV,-0.0922
KKIPDPDSDDVSEVD,-0.076
RPPAEKLSPNPPNLT,0
SRPSTPKSDSELVSK,0.4854
HKDILKPSPGKSPGT,-0.0922
LKPSPGKSPGTRPED,0.6781
SMTGAGKSPPSVQSL,-0.3219
NTKKANNSQEPSPQL,-0.152
ANNSQEPSPQLASSV,0.1375
GSTGVIKSPSWQRPN,0.585
LSEKKNKSPPADPPR,-1.3219
IAELDTLSEESYKDS,0
DGEEDEVSAGEKEQD,0.263
EKIELNDSVNENSDT,0
SATSLSTSPTELGSR,-0.152
YSEKLKFSDDEEEEE,0.263
RDRVRSMSGGHGLRV,0
VSSQEEKSLHAEELV,0.263
KADVGRLSPEVKARS,-0.152
IATEHIPSPAKKVPR,-0.3219
NPRMKRASSLNFLNK,-0.152
PRMKRASSLNFLNKS,0.1375
SLNFLNKSVEEPTQP,0
APLARASSLEDLVLK,-0.152
QTLAALLSPKESSGG,0
IVNKPHVSDEEEEEP,-0.152
LQGLSKLSPSTSGPH,0.1375
RRRDRPRSVNDLLDE,0.585
RREGRSKTFDWAEFR,-0.737
TEALGEKSPDSATVS,0
RPLSAKRSPTGSTTS,0.1375
GSLQRSRSDIDVNAA,0.1375
RIRTRRQSSGSATNV,1.3785
QTLAALLSPKESSGG,0.4854
IVNKPHVSDEEEEEP,-0.152
SKYESQLSTNEEKVD,2.433
SFRRRHNSWSSSSRH,1.0704
SSSSNPSSPGRIKGR,-0.152
DSSEMDHSENEDYTM,-1.3219
ENEDEQNSPPKKGKR,0
RAQQRAESPESSAIE,0.263
GSSSPVKSPAAPYFL,0.963
RAGEGRRSPRPDHPG,-0.06805
__GSPRRSASPERMD,-0.16095
RETEEQDSDSAEQGD,0.1375
TEEQDSDSAEQGDPA,0.3785
VSATYERSPSPAHLP,-0.3219
ATYERSPSPAHLPDD,0.06875
GGPEPELSPITEGSE,0
LNGEASKSQEMVHLV,0
DLFNGLDSEEEKDGE,0.1375
GPVKKTRSIGSAVDQ,2.263
AGKDGDKSPMSSLQI,0
PPAAKPGSPQAKSLQ,0
EQDADAGSERGLSGE,-0.3219
SEETPAISPSKRARP,0
ETPAISPSKRARPAE,0.263
KYSSRHKSHDNVYSL,1.926
ALPALLDSDEERMIT,0
KYSSRHKSHDNVYSL,1.4854
IGDGESTSPSDKVVK,-0.00724999999999999
LKKLSVPTSDEEDEV,-0.52945
KKLSVPTSDEEDEVP,-0.23695
AALIQDQSEEEEEEE,0.20025
AKKAEQGSEEEGEGE,0.06875
TKEENPESDGEPVVE,-0.3219
AGIRKVPSFTFTPTV,0.263
PPDILLDSPERKQKK,0.1375
TSLLGGGSPKNNTAA,0.263
AETEDDESDGEDRGG,-0.1565
VEFSDLESEDDERPR,0.3785
QAGAPAPSLSRCSTP,-0.152
PDAPVEKSPEETATQ,0.263
PLKPYPVSPSDKVLI,0
KPYPVSPSDKVLIQE,0.1375
SSVSTKESPARKAAP,-0.5146
RSTKEKQSSEEEEKE,-0.5146
KHEDGTQSDSEDPLA,-0.152
QPMKRTVSDNSLSNS,-0.1258
AVPNGPQSPKQQKEP,-0.3219
ITFTCPRTPSELINK,2.2016
KVDLTLLSPKSENDK,0.263
AVPALGKSPPHHSGF,0.263
DGKESKGSPVFLPRK,0.1375
ELPGGDLSPPDSPEP,-0.31075
SEESRPYTNKVITLW,-0.076
TEPVKNSSPAPPQPA,0.18925
KKSHHANSPTAGAAK,0.3785
TRRRRRASQEANLLT,0.67525
KKKRLSQSDEDVIRL,-0.5146
STQPRPDSWGEDNWE,0.263
FGGRSSGSPYGGGYG,0.1375
FVPGRRASLSDLTDL,-0.152
LNPQWNESFTFKLKP,0.20025
MDGVTTRTFCGTPDY,0
SLGTARGSPEEELPL,0.263
HHLHRKDSLTQAQEQ,0.585
SYRLLEDSEESSEET,-0.3219
QQTEKPESEDEWERT,0.1375
WRQRRKQSSSEISLA,2.6088
VPRERSDSGGSSSEP,0.7655
ANLLSGKSPRKSAEP,0
ASAPAKESPRKGAAP,0
QVKPLGKSPQVKPAS,-0.152
ILQAKPTSSPAKGPP,0
LQAKPTSSPAKGPPQ,-0.152
ALAPAKESPRKGAAP,-0.3219
ATPKLDSSPSVSSTL,-1
ESRKRKLSGDQPAAR,0.263
EGGEASVSPEKTSTT,-0.5146
APQTQHVSPMRQVEP,0
DDIDLFGSDNEEEDK,0
SVQIKSSSQENLLDE,-1.737
PLETEFGSPSELSPR,-0.152
VFPEPTESGDEGEEL,0
RRRDRRPSVDAPVTD,0.7655
HEILCKLSLEGDHST,0.3785
SLEGDHSTPPSAYGS,0.3785
GRRAEDGSVIDYELI,0.4854
SSSSLLASPGHISVK,0.4854
TSGNTEGSPAAEKAQ,-0.152
QEQGGEASPQRTWEQ,-0.23695
TKSTFAGSPERESIH,0.1375
GDQSASRTSPGRVDL,0.3785
KVERVPKSPEHSAEP,2.1699
EIKEMLASDDEEDVS,0.3785
MSSSGLGSPNRSSPS,-0.3219
SNNGKKGSSTDISED,2.1699
ARSKGKNSDEEAPKT,0.6781
TEVIRKGSITEYTAA,0.67525
TQSPKRHSGSYLVTS,0.3785
HALGSRNSPGSQVAS,0.06875
EENTDQASPQEDYAG,0
DKNGGEDTDNEEGEE,-0.3219
SSANNSVSPSESLRA,0.1375
DSLSRYDSDGDKSDD,0
LKKDAPTSPASVASS,0
PIPIMPASPQKGHAV,0
RALGRRKSQEALHEQ,0.3785
DEAIDTKSLLDASEE,0.32075
ISELEDLSELEDLKD,-0.3219
GVKRRVKSPGSGHVK,0.74015
HALLKGKSEEELEAS,-1
KSYSVEKSPQDEGLH,-0.076
TGRRRRRSGEQITSS,0.848
ILLEEEKSTDFVFIP,0.4854
EEKPLQKSPLHIKDD,0.585
LGDSKNVSQESLETK,0.1315
KLRSPRGSPDGSLQT,-0.152
PRGSPDGSLQTGKPS,0.1375
TPVKDRFSAEDEALS,0
ASATTPLSGNSSRRG,-0.076
TTPLSGNSSRRGSGD,0.1375
TPLSGNSSRRGSGDT,0.1375
GNSSRRGSGDTSSLI,0.32075
RNGPLNESQEDEEDS,0
ASRPAGLSPTLTPGE,1.0704
STGPSSRSPSTLLPK,0
GPSSRSPSTLLPKKP,0.1375
KAQAKVGSLDNVGHL,-0.3219
SEKRDKKSPLIESTA,0.3785
PNRGITRSISNEGLT,0.6781
RGITRSISNEGLTLN,0.585
SNIKLNQSSPDNVTD,-1.3219
NIKLNQSSPDNVTDT,0.263
PQAKWLKSPTTPIDP,2.1375
AKWLKSPTTPIDPEK,1.7655
VEKYDGESDKEQFDD,-0.152
QNYGERESRSASRSG,-0.8219
ANPTRPSSPVTSHIS,0.1375
GGRTRKRSPGGSGGA,0.263
IVSKSLSSSLDDTEV,-0.3219
VSKSLSSSLDDTEVK,-0.23695
AAKQEARSDKSPDLA,0
QEARSDKSPDLAPTP,0
AIENKVESKGNSPPS,-0.152
KGLAAEDSGGDSKDL,-0.8685
HLELRNRTPSDVKEL,-0.3333
ELRNRTPSDVKELVL,2.7907
IALRTQKTPPGLQHE,-0.5146
ESQGVGLSDKELVSD,0.3785
VPKSPEHSAEPIRTF,-1.737
DSAIPVESDTDDEGA,-0.737
AIPVESDTDDEGAPR,-0.152
GSLQRSRSDIDVNAA,0.263
EGEETLESDDEKDEH,0
PRHVSPVTPPREVPI,0
GGAQHVRSHSSPASL,-0.152
QVNSSLTSPTGRGSM,2.8278
THRKRKRSGNSDSIE,0.585
APPEDKESESEAKVD,-1
KVDGETASDSESRAE,0.263
HQQIPLHSPPSKVSH,0
KKEETPGTPKKKETK,0.263
KSDSEEKSDSEKKED,0
EDDRSQHSSGNGNDF,0.263
AQKLPDLSPVENKEH,0.1375
KVLLRRKSELPQDVY,0.3742
EVYELLDSPGKVLLQ,0.1375
AVPALGKSPPHHSGF,0
EPVAGHESPKIPYEK,0.20025
HESPKIPYEKQQLPK,0.1375
KLREQTLSPTITSGL,-0.076
MADKMDMSLDDIIKL,-0.152
KRHFRRDSFDDRGPS,1.48455
SFDDRGPSLNPVLDY,1.2218
DYDHGSRSQESGYYD,-0.23695
KSRKRSYSPDGKESP,0.06875
SENADGQSDENKDDY,-0.152
KRGDGEKSDEENEEK,-0.3219
SVLFRRGTGQSDDSD,-0.152
FRRGTGQSDDSDIWD,0
KFKKLENSPLGEALR,0.263
SGQARRSSPPGHYYQ,0.1375
DDALDKLSDSLGQRQ,0
KAFQFDNSPNNMSLS,0
EEERLRLSPSPTSQR,-0.152
ERLRLSPSPTSQRSR,0
RLSPSPTSQRSRGRA,0
RSRGRASSHSSQTQG,2.0356
SQTQGGGSVTKKRKL,0.585
TQGGGSVTKKRKLES,2.2327
FVRLRNKSNEDQSMG,-0.152
TVTRSYRSVGGSGGG,0.3785
VGGSGGGSFGDNLVT,-0.23695
PGQKPAASPRPRRAA,-0.152
DKKKEKKSLTPAVPV,0.263
EEKPKPRSESELIDE,1.433
DDALDKLSDSLGQRQ,-0.152
IGVMVTASHNPEEDN,0.0283
DSDQVAQSDGEESPA,0.1375
QDPNKNLSPTAVINI,1.9635
SPNPFVGSPPKGLSI,0.4854
VDLGISKSTEDLSPQ,-0.3219
PRKQRDKSPSSLLED,0
SVNGGPGSPDLARHY,0.1375
KSSSPLPTVQLHPQS,0.1375
TVQLHPQSPTAGKKH,0.263
MPVDERGSQEKLANG,-0.41825
SSSSGSDSDSEVDKK,-0.737
SQLKEQISDIDDAVR,-0.152
EDYRKRKSLEDVTAE,0
VQMNRNLSNEELTKS,0.263
GENNNPGSPTVSNFR,1.8074
NGDLVLSSPSNVTLP,0.848
QKSDLSSSSGSLSLS,0.263
RSFIRTKSLIAQDHR,1.6323
QKSDLSSSSGSLSLS,0
QHLNNSSSSPQRSVD,0.1375
PKGILHLSPDVYQEM,0.4854
SKGKDSLSDDGVDLK,-0.3219
TGQQERESPRPLQLP,0.1375
GAEGPAISDGEEGGG,0
LTTVNGQSPPEHSAP,-0.076
QGVVRTLSSSAQEDI,2.7225
VKKSIRDTPAKNAQK,0.9515
SKGKDSLSDDGVDLK,0.263
NPQQRRISQSQPVRG,1.80675
QQRRISQSQPVRGRD,1.5361
LNDKDDDSLPAETGQ,0.1375
ADKVENKSNEDVNSS,0.3785
LKPGEEPSEYTDEED,-0.3219
GEEPSEYTDEEDTKD,0.1375
MAFKDTGKTPVEP__,2.1699
ANMIKGKTPEEIRKT,-0.737
TMKRNATSPQVQRPS,0.887
EDINKRLSLPADIRL,-0.3219
SRRLRRVSLSEIGFG,0.4854
SASNGGGSPARREEK,-1
RSARHPSSPSALRSP,-0.3219
LEDSEVRSVASNQSE,0
RRKDREDSPERCSDS,0
HYTGDKASPDQNAST,0.1375
ANMIKGKTPEEIRKT,-1
MSSPASTPS______,-0.152
PRSEDARSSPSQRRR,0.1375
LLPTPPLSPSRRSGL,0.6781
EDAVHEDSGDEDGED,0.1315
GTKGSEDSPPKHAGN,0
MRNNMTASMFDLSMK,0
VRGPVSGSPDSMNAS,0.1375
LSLKLGASNSPGQPN,0.1375
LKLGASNSPGQPNSV,-0.152
LMADEKNSLADIFEE,-1
GEMERRDSDSFLNIF,1.0704
LAALGGNSSPSAKDI,-0.152
AALGGNSSPSAKDIK,0
PSAAKPPSPEKTAPV,0.263
GGHERPPSPGLRGLL,-0.737
PCVQRKLSSGDLRVP,1.263
KNSITEISDNEDDLL,-0.5146
SPRVEEASPGRPSSV,-0.4445
DTEGRPPSPPPTSTP,0
HLETPQPSPQEGGSV,1.5361
DKDAQRLSPIPEEVP,0.1375
SGRGRKLSGDQITLP,-0.00724999999999999
KLSGDQITLPTTVDY,0
AKLSRGDSLKEPTSI,0.4854
FDPLSSGSRSSSLKS,1.8875
SRSSSLKSAQGTGFE,0.3785
YSQSVIRSNSRLEDQ,1.926
RGRKNNPSPPPDSDL,0.1375
IETKPDASPQLPKKS,-0.737
LAEMHRQSPKEKASK,0
QDDIGNVSFDRVSDI,0.3785
QQFDDGGSDEEDIWE,0.263
QLGAHHTTPVGDGAA,0.7655
GDRNKSRSTTELDDY,0.3785
DRNKSRSTTELDDYS,0
GIMRRGESLDNLDSP,1.5361
STQPRPDSWGEDNWE,0.1375
EDANSEKSINEENGE,0.06875
KSKDRKKSPIINESR,0.1375
KEKKPIKSPSKDASS,-0.23695
KKPIKSPSKDASSGK,-0.0922
VLPFTLNSGSPEKTC,0.263
PFTLNSGSPEKTCSQ,0.263
PKDEILPTTPISEQK,0
KDEILPTTPISEQKG,0.1375
RSRSRSYSPAHNRER,0
ASAVSELSPRERSPA,0.1375
ERSPALKSPLQSVVV,0.6781
KKSPVGKSPPSTGST,-0.5146
IKEKGSFSDTGLGDG,0
KPFRGSQSPKRYKLR,-0.152
EAAKNKKSPEIHRRI,0.3785
IHRRIDISPSTFRKH,-0.152
KWAHDKFSGEEGEIE,0.263
GEIEDDESGTENREE,0.1375
IEDDESGTENREEKD,-0.3219
ADEEEEDSDDDVEPI,0.1375
ADEEEEDSDDDVEPI,0
SSAVPNHSPEKKDSD,0.1375
NPFSLGESFGSRWDT,0.48175
MADQRQRSLSTSGES,0
DQRQRSLSTSGESLY,0.06875
QRQRSLSTSGESLYH,0.1375
EGEPQEESPLKSKSQ,-0.152
DTFEHDPSESIDEFN,0
FEHDPSESIDEFNKS,0.585
TPSQHSHSIQHSPER,0
HSHSIQHSPERSGSG,-0.152
GSSRYSPSQNSPIHH,0
RYSPSQNSPIHHIPS,-1
QEALDYFSDKESGKQ,0
GKQKFNDSEGDDTEE,0
TVKKETQSPEQVKSE,0
LKDLFDYSPPLHKNL,-0.152
KSTFREESPLRIKMI,-0.3219
IHRRIDISPSTLRKH,0.1375
RIDISPSTLRKHTRL,-0.737
MSQGDSNPA______,-0.152
EQPPLQPSPVMTRRG,0.3785
RNLLEDDSDEEEDFF,-0.076
NRFLMRKSPPKADEK,0.585
LHSQNSLSPRSSLSD,0.3785
LTQDRPGSPSGSEDK,0.48175
SPFRKDKSPVREPID,0
ERGKLPESPKRAEEI,-0.3219
HQGIEAASDEEDLRW,-0.152
RKEKGGRSPDEVTLT,-0.152
TGQDEEWSDEESPRK,-0.152
STLFRGWSQEGPVKS,1
SLVQRRFSEGVLQSP,0.49275
AQDLCRASPEPPGPE,-0.152
AQLGTQRSQEADVQD,1.805
WEFRKRDSQGTYSSR,0.0352
QEFGKRDSLGTYSSR,-0.076
TYSSRDVSLGDWEFG,0.4854
WEFGKRDSLGAYASQ,-0.152
KRDSLGAYASQDANE,-0.5146
SFGTRPLSSGFSPEE,0.3785
GRPGERGSGGLFSPS,-0.076
RVSGAGFSPSSKMEG,0.4854
LRHNGSLSPGLEARD,1.572
AQTSRRPSQGPPARS,0.76305
KLRPRNRSAEEGELA,1.744
MAKREDSPGPEVQP_,0.06875
QPNIPVRSNSFNNPL,0.7655
NIPVRSNSFNNPLGN,0.585
QQPQSRRSPVSPQLQ,-0.5146
RDRSRGRSIDQDYER,-0.152
SDQLRDNSPPPAFKP,0.263
DTRGSYGSDAEEEEY,0
LRLESLYSDEEDESA,-0.3219
LSLPHQASPVSRTPS,0.263
DELLGNLSETELKQL,-0.152
GARYNDWSDDDDDSN,0
TEERLPSSPVYEDAA,0.58175
PWLLRSKSPVGNPQL,0.585
SPNPFVGSPPKGLSI,0.848
GRSEDRRSSEEREAG,-0.3333
RSEDRRSSEEREAGE,-0.16095
VEPKKLNSPEETAFQ,0.06875
HQGIEAASDEEDLRW,-0.3219
RKEKGGRSPDEVTLT,0
TGQDEEWSDEESPRK,-0.152
MKKKKLPSDSGDLEA,1.6323
ANEQKKESKEEETSI,0.263
KESKEEETSIDVAGK,-0.00724999999999999
ESKEEETSIDVAGKP,0.0555
RPDPEPVSDNEEDSY,0.0555
SPRSDRRSVASSQPA,0.0555
SKRNLRKSREDLSAQ,-0.076
LSYFDRRSFENKPPA,1.3219
SKLPLTRSHNNFVAI,0.848
DEDDDRKSEDDKEEE,-0.152
RVATSRISDAHLADT,0.585
RDRSRGRSIDQDYER,0
DTRGSYGSDAEEEEY,0.263
ANITRQNSSSSDSGG,1.76305
LPVDRRKSQMEEVQD,1.433
LTQSAPASPTNKGVH,0.3785
EGNPVRGSEEDSPKK,0.263
VRGSEEDSPKKESKK,0.3785
EDDLNKESEEEVGPT,0
KDLDEEGSEKELHEN,0.263
KVLDEEGSEREFDED,0.1375
EREFDEDSDEKEEEE,0.1375
EKVFDDESDEKEDEE,0.1375
DEKLFEESDDKEDED,0.263
KLFEDDDSNEKLFDE,0.1375
LFDEEEDSSEKLFDD,-0.152
FDEEEDSSEKLFDDS,0
SEKLFDDSDERGTLG,0.1375
LTFDTTFSPNTGKKS,-0.737
KEAFLVLSDEEDISG,-0.3219
SRRKRSKSEDMDNVQ,1.3785
HPPNPPVSPGKTVND,0
SSLQKSSSLGNLKKE,0.3785
PFQIPPPSPDSKKKS,-0.237
LFGKLRRSQSTTFNP,0.49275
GKLRRSQSTTFNPDD,0.7655
FKDFAARSPSASITD,1.09295
TIGGGDDSFNTFFSE,0.0555
GGDDSFNTFFSETGA,0.1375
LTYRNIGSDFIPRGA,0.263
PSLEPQKSLGDEGLN,2.406
VAKHSQPSPEPHSPT,-0.737
QPSPEPHSPTEPPAW,1.263
SPEPHSPTEPPAWGS,1.1375
HHKISNLSPEEEQGL,0.4854
VTKDADLSPVNASII,0.47055
RDEGKKTSASDVTNI,2.511
VDRTESRSTEPELIQ,-0.152
DRPVSQPSLVGSKEE,0.3785
SQPSLVGSKEEPPPA,0.263
SHLNGPSSDPEAAFL,0
DVDDGSGSPHSPHQL,0.3785
DGSGSPHSPHQLSSK,0.4854
LLDQNSQTPPPSPFS,1.11635
RSDSHSRSLSPNHNT,-0.3219
DSHSRSLSPNHNTLQ,-0.41825
LDPPRERSKSDSYTL,0.9982
PPRERSKSDSYTLDP,0.1375
RERSKSDSYTLDPDT,0.926
IPRRRVNSGDTEVGS,1.5361
NSFNNPAYYVLEGVP,1.5361
NIPVRSNSFNNPLGN,0.263
KRTSSPRSPPSSSEI,0
EEKPKRGSIGENQIK,0.67525
EKAEMKRSTELVLSP,-0.3219
LLTSFPKSVEHVSPD,0.263
LRLESLYSDEEDESA,-0.3219
TQLSQGRSSPQLDPL,-0.5146
QLDPLRKSPTMEQAV,0.1375
DPLRKSPTMEQAVQT,0.1375
PAAVGRRSPVSTRPL,0.1375
MPEFLDKSIVEEEED,-0.076
GLKHAQDSDPRSPTL,0.6781
AQDSDPRSPTLGIAR,0.585
ELEDGEISDDDNNSQ,0.1375
QNLTRRISTSDILSE,2.263
SSRERRRSFLESNYF,1.0704
MSKSESPKEPE____,0.1375
MSKSESPKEPEQL__,0
LSMDNSRSLDMDSII,-0.0922
SRSLDMDSIIAEVKA,-0.152
ASGARNDSPTQIPVS,0.1375
MSKSESPKEPE____,-0.152
MSKSESPKEPEQL__,-0.152
RKRARGISPIVFDRS,-0.5146
SESHHGGSPIHWVLP,0
WVLPAGMSAKMLGGV,-0.3219
QLANARETPHSPGVE,0.585
NARETPHSPGVEDAP,0.4854
QKHYGITSPISLAAP,0
VEMKNDKSEEEQSSS,0
SEGGADDSAEEGDLL,0
EGEDDRDSANGEDDS,0.263
KKRQLLDSDEEQEED,0.263
SDEEREPTPVLGSGA,-0.152
LREQGTESRSSTPLP,0.263
RQNGSNDSDRYSDNE,-3.3219
SNDSDRYSDNEEDSK,0.263
TGNFKHASPILPITE,0.83905
EEEMDFRSGSPSDNS,0.258
TTGSRKSSTVESEIA,4.3576
VQPDKPASPKFIVTL,0.3785
TWGARPASPDRFAVS,-0.5146
PLNVFMGSPGKEENE,-0.152
GHKHEDGTQSDSEDP,-0.152
QQSQRRLSTSPDVIQ,1.4078
FQAGHRRTPSEADRW,0.585
AGHRRTPSEADRWLE,0.1375
ISEEKGDSDDEKPRK,0.585
SVQARRLSQPESAEK,2.0704
RLQPERGSPKKCEAE,-0.3219
SEGGADDSAEEGDLL,0
EGEDDRDSANGEDDS,0.1375
GRNIIHGSDSVKSAE,-0.3219
SYYRRTHSDASDDEA,0.848
KPSPQPSSPRQVKRA,0.06875
VKRAVVVSPKEENKA,0.2165
NDDIEVESDEEQPRF,0.263
ENMEKRRSRESLNVD,0
NPGMKRASSLNVLNV,0
PGMKRASSLNVLNVG,0.585
HEGGGSRSPAGGESA,1.0704
STDRHSLSLDDIRLY,-0.152
SSANNSVSPSESLRA,0.1375
SLKKDAPTSPASVAS,0
LKKDAPTSPASVASS,0
MSKLDEGTPPEPKGT,0
PGGQAPSSPSYENSL,0.926
VSSRGRTSSTNEDED,1.585
QLDRHLPSPPTLDSI,-0.152
RHLPSPPTLDSIITE,0
GFLFEGLSDDEDDFH,0.1375
YSADQGDSSEGGTLA,0.263
CPRVRKNSSTDQGSD,2.0356
NSSTDQGSDEEGSLQ,-2.3219
RGTKRRASWASENGE,1.263
PKRTDVKSQDVAVSP,0.3785
LRPEDDYSPRERRGG,0.3785
AGIGHRNSLESISSI,0.263
PTPGPAASPEQLSFR,0
QERLRVQSPEPPAPE,0.4854
AVQGPLGSPPKRGPL,0.1375
MCRLDIDSPPITARN,0.1375
VRSNGHASTDQLSEE,0
GLGRKRTSSEDNLYL,0.926
LGRKRTSSEDNLYLA,0.7655
KLSITKKSSPSVKPA,0
LSITKKSSPSVKPAV,0.1375
AGSRRRFSDSEGEET,0.3785
RSDEGQLSPATRGAY,0.1375
AQLEPVASPAKKPKV,0.4854
GNAGGFRSRSSSVGS,0.3785
GGFRSRSSSVGSSSS,1.6323
GFRSRSSSVGSSSSY,1.8875
SRSSSVGSSSSYPIS,2
SIADFLNSDEEEDRV,-0.152
KGKHSLDSDEEEDDD,0.1375
RKGPGQPSSPQRLDR,0
KGPGQPSSPQRLDRL,0
AANEAGDSSQDEAED,0.263
STEDGDGTDDFLTDK,0.1375
DGTDDFLTDKEDEKA,0.263
QEEQGEGSEDEWEQV,-0.3219
GFLFEGLSDDEDDFH,0.263
AVFGRSQSLPGADSL,1.7225
FPGAEANSPGKAEAE,-0.3219
GKRAHSKSLDYLNLD,0.585
LSDNEASSPRSSSRM,-0.152
LPPGKRRTQSLSALP,-0.16095
PGKRRTQSLSALPKE,0.5352
KDRKKSSSEAKPTSL,0.848
KRTSSPRSPPSSSEI,0
PRSPPSSSEIFTPAH,0.1375
AAVPFLASDNEEEED,0.1375
EDVEVAESPLRVLAE,0.1375
SRGLGPPSPPAPPRG,0.3785
WEGAAPQSPSFSGSE,1.9635
HSGSGCRSPSLGSDL,0.585
GSGCRSPSLGSDLTF,0.585
GIMPPLKSPAAFHEQ,3.8679
GTSVRRRSLQHQEQL,2.1043
RVDDKPSSPGDSSKK,-0.152
GIMPPLKSPAAFHEQ,3.0531
TQLSQGRSSPQLDPL,-0.737
QLSQGRSSPQLDPLR,-0.3219
QLDPLRKSPTMEQAV,0
DPLRKSPTMEQAVQT,-0.3219
PAAVGRRSPVSTRPL,0
QHSKGSKSPDLLMYQ,0
SFPDDATSPLQENRN,0.585
GKAQVKATNESEDEI,-0.52945
QVKATNESEDEIPQL,-0.41825
ESETPGKSPEKKPKI,-0.6258
AVKEKSPSLGKKDAR,-0.152
LQPSRKLSPTEPKNY,-0.152
KLRSPRGSPDGSLQT,-0.3219
KKERRTPSDDEEDNL,0.263
KTQKGLFSDEEDSED,0.263
LHKPPADSGVDLREV,-0.3219
SLKVDNLTYRTSPDT,0.1375
VDNLTYRTSPDTLRR,0.263
DNLTYRTSPDTLRRV,0.4854
KSRSRSKSPPKSPEE,-0.5146
DVEDMELSDVEDDGS,0.1375
VRDERSGTPTQDEMM,-0.152
EEERLKLSPSPSSRV,-0.18855
RKGRGFGSEEGSRAR,0.1375
GKGKRRRSSDEDAAG,1.1375
ENTRPKRSRPTSFAD,2.433
PKRSRPTSFADELAA,2.8278
KEKKERRTPSDDEED,0.1375
KKERRTPSDDEEDNL,0.1375
SKTRKVQSTADIFGD,2.7225
LFSDEEDSEDLFSSQ,-0.5146
ASALLFSSDEEDQWN,0.1375
PRTKTVLSLFDEEED,3.1699
FPALGEASSDDDLFQ,-0.152
DSREDEISPPPPNPV,0.3785
PRPALVRSASSDTSE,0.6781
VRSASSDTSEELNSQ,0.926
EGFSFKYSPGKLRGN,0.263
AMPGRPESPPVFRSQ,0
EPRERVPSVAEAPQL,3.433
SKYESQLSTNEEKVD,2.0704
GGSHGSETEDTGRSL,0.263
PEPPGSGSPAPPRRR,0.1375
SKIYRSQSPHYFRSG,-0.23695
RKVERKPSVSEEVQA,1.08495
AMPGRPESPPVFRSQ,-0.5146
EEDGEEKSPSKKKKK,0.43195
DGEEKSPSKKKKKIQ,-0.0922
DSSKGEDSAEETEAK,0
YESKFNYSGSGGRSG,0.926
SKFNYSGSGGRSGGN,0.0945
SYNRGGLSPANDTGA,0
APRARTSSTDEVLSL,1.3785
ITHYRPVSASRSSLD,0.7655
HYRPVSASRSSLDLS,-0.152
SSQRKRMSPKPELTE,-0.737
MSPKPELTEEQKQEI,0
GGEKRADSGEEENTK,0
GARYNDWSDDDDDSN,0.1375
RAVQKRASPNSDDTV,-0.152
ASPNSDDTVLSPQEL,-0.152
SGDGAGPSPEEKDFL,0.1375
AGAAAGDSDEESRAD,0.1315
DEDEDVASPDGLGRL,0.1375
VGARPRASPPPQGPL,0
LQGGSAGSPARFTID,0.263
KCSGPGLSPGMVRAN,0
GDEEVPRSPFKVKVL,0.4854
ADQHVPGSPFSVKVT,0.1375
TRRRRAPSVANVGSH,0.848
PFVVPVASPSGDARR,0
VVPVASPSGDARRLT,0.1375
EGRSAADSISESVPV,1
GPGLQGGSAGSPARF,0.263
LQGGSAGSPARFTID,0.1375
KCSGPGLSPGMVRAN,0
GDEEVPRSPFKVKVL,0.585
TRRRRAPSVANVGSH,0.926
VGSHCDLSLKIPEIS,0.7655
PFVVPVASPSGDARR,0
YFAKALESPERPFLA,-0.152
LVVRAVRSRSWPASP,0.1375
KTIERRYSDLTTLVA,1.7655
KKRSEDESETEDEEE,-0.152
RSEDESETEDEEEKS,-0.737
DGDSYDPYDFSDTEE,0.1375
SYDPYDFSDTEEEMP,0.263
DPYDFSDTEEEMPQV,-0.3219
YDERPGPSPLPHRDR,-0.0922
LEGLGNDSRDMYMES,0.3785
YIYPSLESDDDDPAL,1.4854
QNLNSRRSPVPAQIA,0
GGGQRSLSPGGAALG,0.6781
LRGARDRTPPLLYRD,0.1375
GGRHLDRSPESDRPR,0
PWLLRSKSPVGNPQL,-0.737
GGGQRSLSPGGAALG,0.263
LRGARDRTPPLLYRD,0
SSRDRYNSDNDRSSR,1.3785
RRRRHRHSPTGPPGF,-0.23695
RRHRHSPTGPPGFPR,-0.076
LASDDRPSPPRGLVA,0
IHRRAHLSENELEAL,-0.5922
QRGPRRLSAEGGDKA,3.8875
KPAVTTKSPAVKPAA,0.585
VAGGAAPSKPASAKK,0.7655
AAPSKPASAKKGKAE,0.6781
EKLKGKGSPRPQAPK,0.1375
NGKAAKNSEEEEEEK,0.1375
______VNSIKFDSE,0.1375
